model,s,method,k,mean,variance,abs-skewness,kurtosis,MSEAr,MSEMr,MSEratio,log-ratio
SmoothPerB4,2,Lat-Rv,10,9.675318032655851E-4,2.0117360693184362E-4,14.968253356552365,225.12421590985454,4.1166815704560435E-5,1.3966644549577632E-11,2947509.371948996,6.469455194659158
SmoothPerB4,2,Lat-Rpv,10,6.22615260955894E-4,1.1098609679010838E-4,20.03240236707748,406.0752458188888,2.258264939926105E-5,8.718059599332349E-11,259032.97794603842,5.413355058398865
SmoothPerB4,2,Sob-LMS,10,1.7868078743837427E-6,2.3172351316839387E-8,3.4070574711433097,29.969837858323178,4.6371994987215E-9,6.147352710310704E-10,7.54340887410562,0.8775676483437223
SmoothPerB4,2,Lat-Rv,12,2.417131223116304E-4,5.046838160200768E-5,30.086598117068466,906.4966046493106,1.0151092186267133E-5,2.9506011350888526E-15,3.4403471433496375E9,9.53660226665138
SmoothPerB4,2,Lat-Rpv,12,2.1782045769120432E-4,4.157483738791401E-5,32.94815517832492,1093.449217178437,8.361581732623849E-6,1.2071447561471472E-15,6.926743201297226E9,9.840529087113252
SmoothPerB4,2,Sob-LMS,12,-2.142771089877092E-7,3.538984191705804E-10,6.423851572656764,91.0488835283047,7.08185205451688E-11,2.185717916116772E-12,32.400576498447535,1.5105527376099201
SmoothPerB4,2,Lat-Rv,14,4.458950316043899E-5,9.186305177893522E-6,70.63649795513042,4992.977860568028,1.8390655332672411E-6,2.1657713990236704E-19,8.491503461982607E12,12.928984591002
SmoothPerB4,2,Lat-Rpv,14,3.226240162088871E-5,4.719746057078285E-6,96.08271196090546,9460.629875390825,9.44895679052863E-7,3.7857629619043885E-17,2.4959187581505184E10,10.397230445008324
SmoothPerB4,2,Sob-LMS,14,3.2914268385972174E-8,8.430667556141622E-12,12.62583193769766,259.42829419197284,1.6870482469405852E-12,7.32777363186091E-15,230.2265779070135,2.3621554581820265
SmoothPerB4,2,Lat-Rv,16,2.1703580932693537E-5,4.5925250406846235E-6,99.94732693923298,9992.953438147277,9.188842030614129E-7,6.018464255108163E-23,1.5267752106054486E16,16.18377509993788
SmoothPerB4,2,Lat-Rpv,16,2.1603874351362464E-5,4.591907604025151E-6,99.96744786101414,9995.659345010898,9.187564100399392E-7,8.125972814541988E-22,1.1306417471588895E15,15.053325017057247
SmoothPerB4,2,Sob-LMS,16,2.1572746297193948E-9,2.1930658169358744E-13,17.85663826661257,674.7116310692578,4.3861584040911646E-14,5.0741180145138835E-17,864.4178932269813,2.9367237480877804
SmoothPerB4,4,Lat-Rv,10,0.0026289575107514905,3.7085571223203335E-4,8.618772817381142,83.2097741281113,8.10751429254987E-5,1.1665019246693737E-6,69.50279396107996,1.8420022632590407
SmoothPerB4,4,Lat-Rpv,10,0.0015934201216927471,2.6792086751503956E-4,9.98468144749509,116.71468493356628,5.6117802769872934E-5,4.0099262035084525E-7,139.94722077621557,2.1459642781966903
SmoothPerB4,4,Sob-LMS,10,3.745643720794475E-5,3.3673736965886137E-7,1.0123029318485295,7.4616679295191295,6.874372387269181E-8,3.94133180955809E-8,1.7441749945026703,0.2415900559028657
SmoothPerB4,4,Lat-Rv,12,6.066368946450901E-4,8.997716971801085E-5,18.633319273327782,381.0429492401223,1.836164272215245E-5,1.4479977274040575E-10,126807.1238970164,5.103143652459413
SmoothPerB4,4,Lat-Rpv,12,2.6112923840101586E-4,4.559794149322109E-5,21.015055417339386,563.9515651063778,9.186864818962248E-6,1.5203005067953081E-9,6042.79534072349,3.781237885676623
SmoothPerB4,4,Sob-LMS,12,3.577557117280176E-6,9.083031860248366E-9,0.6403857199661745,11.192450008965766,1.8292236263398704E-9,8.522776286785606E-10,2.1462767117048993,0.3316857132587111
SmoothPerB4,4,Lat-Rv,14,1.0737934633438273E-4,1.3096104338390268E-5,41.70034552731358,1953.0788138744242,2.6304892696104854E-6,1.9752641359593344E-14,1.331715197842604E8,8.124411356042632
SmoothPerB4,4,Lat-Rpv,14,7.408544932398776E-5,1.2714179722630243E-5,48.705775786249234,2742.3462761324868,2.548070314733133E-6,4.179402697324872E-13,6096733.191956083,6.785097189642781
SmoothPerB4,4,Sob-LMS,14,2.0962340986186656E-7,2.3195993643548933E-10,1.3768564768843659,20.234522635913148,4.643129006233127E-11,1.3014545546811237E-11,3.5676459001449836,0.5523817427767949
SmoothPerB4,4,Lat-Rv,16,3.1840813003916E-5,3.7076674287560147E-6,63.121744971628296,4173.56528322178,7.424731697753782E-7,3.022747034528929E-16,2.456286157240699E9,9.390278960706592
SmoothPerB4,4,Lat-Rpv,16,-5.1847337133345555E-6,2.357166980371216E-7,45.62135131103346,2974.352043941339,4.716550673714176E-8,1.7906890298575782E-14,2633930.62395055,6.420604331737288
SmoothPerB4,4,Sob-LMS,16,1.336995757339005E-8,5.335351171235311E-12,0.40304680879807203,42.28192132798655,1.0671422829891518E-12,1.5644666852835046E-13,6.821125007182686,0.8338560086914126
SmoothPerB4,8,Lat-Rv,10,0.005587290029530241,4.71621917574965E-4,6.707218776192131,61.76742192425231,1.2553276095072954E-4,6.841357073181488E-6,18.349102321062173,1.2636148224548438
SmoothPerB4,8,Lat-Rpv,10,0.0023929030333285435,3.9052294826481116E-4,7.576379841048399,86.88681794624642,8.382276412090988E-5,4.063694537761636E-6,20.627230551408804,1.3144409227390483
SmoothPerB4,8,Sob-LMS,10,-9.486188208312623E-5,1.548775326180062E-6,0.3527327091427335,3.9481083172326383,3.1872286640184175E-7,3.56436402218305E-7,0.8941928052753573,-0.04856882881129006
SmoothPerB4,8,Lat-Rv,12,0.0011737096516340494,9.193393266123614E-5,13.67723351853674,237.2974742304117,1.9762542199932926E-5,9.83771211438607E-8,200.88555113371726,2.3029487008669123
SmoothPerB4,8,Lat-Rpv,12,6.372353029125972E-4,1.0597414234949035E-4,14.035047634296,253.21472735340632,2.1598777818329187E-5,1.2636724626937305E-7,170.92069706328616,2.2327946553253684
SmoothPerB4,8,Sob-LMS,12,4.1745358189916476E-5,4.925077273805323E-8,0.04685649366136366,5.0346970037961185,1.1591844462560312E-8,1.2191920518264486E-8,0.9507808425419759,-0.021919577535072076
SmoothPerB4,8,Lat-Rv,14,2.9635789648005856E-4,2.247645501886414E-5,28.95564827115688,1068.229913811318,4.582669477478536E-6,1.374253702673305E-9,3334.6604550265874,3.5230516193573385
SmoothPerB4,8,Lat-Rpv,14,1.2941111724865345E-4,2.030167755162299E-5,29.92943108558705,1227.106913768307,4.07667671404111E-6,1.1043959622605602E-9,3691.318017585526,3.5671814625169644
SmoothPerB4,8,Sob-LMS,14,4.1139668272237556E-6,2.225864815604019E-9,0.9819756630055768,7.307426942968111,4.620531688799892E-10,3.5221953709831283E-10,1.3118328775471055,0.11787851112033743
SmoothPerB4,8,Lat-Rv,16,1.0382044962047087E-4,9.787938842235414E-6,45.695261040249505,2571.403016209719,1.9681706954296348E-6,2.860679713704244E-12,688008.058364942,5.8375935249839594
SmoothPerB4,8,Lat-Rpv,16,1.8168590978732266E-5,3.1252159426719108E-6,34.369669488711665,1848.7423555199928,6.253107819136812E-7,1.5390752300030906E-11,40628.993938939915,4.608836068396399
SmoothPerB4,8,Sob-LMS,16,-1.5577824226522493E-7,1.0069222660389323E-10,0.045752890218512476,10.427223714406571,2.0160698337009812E-11,1.2264247932694641E-11,1.6438593257124574,0.2158646497728684
SmoothPerB4,16,Lat-Rv,10,0.01045247137357336,4.572763337941325E-4,5.198519670274392,39.04161313437096,2.0070027904752115E-4,4.603778786489969E-5,4.359468348837408,0.6394335288913566
SmoothPerB4,16,Lat-Rpv,10,0.0031058740110159345,4.0875884948526057E-4,5.682510102910283,48.8616913058853,9.139004809236661E-5,1.1254641632532256E-5,8.120209516773762,0.9095672350053156
SmoothPerB4,16,Sob-LMS,10,-8.273509741128137E-4,2.920769270113208E-6,0.1027013177381157,3.2208183463487914,1.268605073002661E-6,1.4713076628369626E-6,0.8622296376520923,-0.06437705310409723
SmoothPerB4,16,Lat-Rv,12,0.0026299290002291067,1.232770734684854E-4,10.985678846730572,167.3026949497286,3.156947569847378E-5,1.3154282272135693E-6,23.99939049912774,1.3802002122854904
SmoothPerB4,16,Lat-Rpv,12,6.350358412164253E-4,7.554922312251603E-5,11.237219958773132,218.9614013803332,1.551160415967021E-5,6.143856825496443E-7,25.247339904306486,1.4022156269798656
SmoothPerB4,16,Sob-LMS,12,1.6426485239710717E-4,1.7394509213447194E-7,0.11982124439369923,3.5164157203485242,6.176848125809511E-8,7.282694309001746E-8,0.8481542494753133,-0.07152515764415997
SmoothPerB4,16,Lat-Rv,14,7.182347587729493E-4,3.328193159755444E-5,19.4713887059174,527.1818660422462,7.171581849588573E-6,3.231892292250827E-8,221.90039769530745,2.3461580805858735
SmoothPerB4,16,Lat-Rpv,14,1.8834603976914034E-4,1.8456437348066404E-5,21.77076856613266,801.6619750182564,3.726392571563038E-6,2.5084568219294058E-8,148.55318772028312,2.171881975523561
SmoothPerB4,16,Sob-LMS,14,6.075854753560888E-5,1.4651081549798706E-8,1.3861166205233104,5.961074128810759,6.621524386965589E-9,4.579911694855246E-9,1.4457755581627805,0.1601008784239827
SmoothPerB4,16,Lat-Rv,16,1.4746338874284122E-4,5.270558687322609E-6,39.954778448623536,2067.0159357582384,1.0757517773102978E-6,1.1038844655376337E-9,974.5148255042848,2.9887884505195466
SmoothPerB4,16,Lat-Rpv,16,2.550975091459452E-5,7.079111332071358E-6,57.749451371836685,4377.3447056707655,1.4163314315793547E-6,1.139879260665371E-9,1242.5275908192355,3.094306041194107
SmoothPerB4,16,Sob-LMS,16,3.474268638745566E-6,6.441254491049513E-10,0.533667460125665,4.538318338170595,1.4088274988617913E-10,1.4631343841876563E-10,0.9628831870040313,-0.0164263964857367
SmoothPerB4,32,Lat-Rv,10,0.020535589764262174,5.563890068266506E-4,5.22054848462684,41.93830576440467,5.32977120551263E-4,2.583252942286236E-4,2.063201445846671,0.3145416334741089
SmoothPerB4,32,Lat-Rpv,10,0.004057969586479849,3.963046748993437E-4,5.434306620801135,50.18469160364479,9.572012605116618E-5,2.3959033176555035E-5,3.995158124528686,0.601533972949446
SmoothPerB4,32,Sob-LMS,10,-0.0017042475681811333,6.686219800990478E-6,0.14432153626249253,3.1870335454482697,4.241570009453382E-6,4.547126870698905E-6,0.9328022133680739,-0.030210432082916544
SmoothPerB4,32,Lat-Rv,12,0.005081696135056325,1.4821048651400296E-4,10.671626400658285,156.27080595686806,5.546276870211671E-5,9.829710654378076E-6,5.64236025374908,0.7514608115642059
SmoothPerB4,32,Lat-Rpv,12,8.473918666363336E-4,8.451998576756128E-5,9.387837742021192,159.88823321793868,1.7620379729438317E-5,1.7552766001004503E-6,10.038520269927796,1.0016697002624992
SmoothPerB4,32,Sob-LMS,12,5.7761219058595094E-5,3.5861816925873224E-7,0.048387393169132,3.2456722077489086,7.505281991549629E-8,9.711995555408075E-8,0.7727847432313075,-0.11194146060377022
SmoothPerB4,32,Lat-Rv,14,0.0012487400646999127,3.223388729794435E-5,21.680386277271193,677.7709553670098,8.005484531029654E-6,3.9057075339476665E-7,20.49688682894842,1.3116879032176794
SmoothPerB4,32,Lat-Rpv,14,1.979553407136113E-4,2.2655146684365892E-5,24.147213489472193,940.0723881456341,4.569762550856534E-6,1.2780091348416178E-7,35.75688487878343,1.553359676262465
SmoothPerB4,32,Sob-LMS,14,7.011243397412852E-5,2.7814190748303364E-8,0.548143943885136,4.165137136797604,1.0478035263622237E-8,1.0377135048440556E-8,1.0097233210043695,0.004202387027810469
SmoothPerB4,32,Lat-Rv,16,3.089527308389349E-4,5.9690922819303425E-6,32.78212633323799,1502.9937784890462,1.2891508644332653E-6,1.6187083322438012E-8,79.6407134475107,1.901135141924548
SmoothPerB4,32,Lat-Rpv,16,7.4091455592577E-5,4.7071442852979386E-6,33.298621623265035,1984.0621594744448,9.468242579657086E-7,7.548538950275267E-9,125.43145954505295,2.09840647583521
SmoothPerB4,32,Sob-LMS,16,2.1351971593286307E-5,1.7910167108762662E-9,0.29142481247629787,3.5724253899015435,8.140742127615411E-10,8.675846746759669E-10,0.9383224906152113,-0.02764787396198406
SumUeU,2,Lat-Rpv,10,-0.0036693136955710096,5.261875677746755E-7,0.40892333726411817,2.0149772229957126,1.3569089986308559E-5,1.3255683945094298E-5,1.0236431437647733,0.010148581928029088
SumUeU,2,Sob-LMS,10,-1.0767620740381263E-6,1.4840853796728049E-9,11.216317949480644,200.86856684433653,2.9794681079105443E-10,1.233037667937702E-13,2416.364224212069,3.3831623971028257
SumUeU,2,Lat-Rpv,12,-9.253933320032917E-4,3.4983465587730105E-8,0.4462575759691226,2.0364477077133367,8.633488123643886E-7,8.357051260492767E-7,1.033078277796135,0.014133229870962886
SumUeU,2,Sob-LMS,12,-1.9479377350459223E-8,1.8932784342741984E-11,14.336134588654462,544.0095964826608,3.786557659003504E-12,6.819198014781332E-17,55527.90299967445,4.744511272736636
SumUeU,2,Lat-Rpv,14,-2.302107519353616E-4,2.1468130859185902E-9,0.4665045723728464,2.0652290074747657,5.34263099875666E-8,5.1509091707560854E-8,1.0372209685018445,0.015871287901204637
SumUeU,2,Sob-LMS,14,-1.5104043235806257E-10,5.305209291195728E-13,35.24520049887789,2260.1631870719784,1.0609359821854439E-13,1.0849051723022204E-19,977906.6496052251,5.9902973992699025
SumUeU,2,Lat-Rpv,16,-5.771496812745594E-5,1.343042640488419E-10,0.46487231226961,2.075961136642485,3.3578757126777426E-9,3.2565812962030904E-9,1.0311045256547882,0.013302693037266116
SumUeU,2,Sob-LMS,16,-1.5311807183481317E-9,1.3763011269065093E-14,77.52727866318155,6482.516602930626,2.7546715079798783E-15,1.1165479813513995E-26,2.4671322271755817E11,11.392192426341706
SumUeU,4,Lat-Rpv,10,-0.007345455432932941,2.0799218939381986E-6,0.37552746147429045,1.9818895521077367,5.437165829755382E-5,5.286055604096246E-5,1.0285865751283507,0.012240851711956803
SumUeU,4,Sob-LMS,10,-1.766457683214309E-6,2.6682784927246534E-9,8.18379743538455,108.7024369537696,5.36722705721663E-10,2.6375053955907233E-12,203.49634416632273,2.3085566114843132
SumUeU,4,Lat-Rpv,12,-0.0018411289753014364,1.399163686889083E-7,0.47030864108600234,2.0571942359139106,3.417736379104925E-6,3.2868352184505284E-6,1.039825896935626,0.016960629366253695
SumUeU,4,Sob-LMS,12,-2.791656735428619E-7,6.210100177309728E-11,17.101744465621604,363.0165124340517,1.2496891807868634E-11,9.294715260124202E-16,13445.158305690413,4.128565920050065
SumUeU,4,Lat-Rpv,14,-4.6179271819640777E-4,8.831169131853853E-9,0.4630528138881269,2.0380361425448505,2.15018571782215E-7,2.0774404956231265E-7,1.0350167537179946,0.01494737973340783
SumUeU,4,Sob-LMS,14,2.877132737871016E-11,2.71477973806537E-13,46.530629052337886,4160.293078438438,5.429016602962055E-14,2.0209952924382364E-18,26863.083864050965,4.42915586791057
SumUeU,4,Lat-Rpv,16,-1.1556846217506146E-4,5.511526147628628E-10,0.47622983736181523,2.0654733025339502,1.346628894940889E-8,1.3010214593188129E-8,1.0350550986652867,0.014963469029052845
SumUeU,4,Sob-LMS,16,-2.151386550593763E-10,3.775363668650544E-15,52.10019539024605,5336.2229897562065,7.550435110976366E-16,1.3111587615035559E-23,5.7585971528863475E7,7.760316698186462
SumUeU,8,Lat-Rpv,10,-0.014731111796661778,8.357921182243964E-6,0.3652233174538639,1.9711940031234645,2.1867707184377295E-4,2.1192224540313146E-4,1.0318740792302952,0.013626703074095673
SumUeU,8,Sob-LMS,10,-3.639197675225065E-6,5.7794946536690064E-9,5.6556511508785094,53.327342627428976,1.1690271005600916E-9,1.6079280444641483E-11,72.70394372340691,1.8615579691927437
SumUeU,8,Lat-Rpv,12,-0.0036877450463219503,5.723804314058083E-7,0.48305410951444366,2.042961136624146,1.3713928165344617E-5,1.3192470234654155E-5,1.0395269363064916,0.016835747287216075
SumUeU,8,Sob-LMS,12,-1.607263094976332E-7,7.059973866596065E-11,12.289728445293493,250.5393737630562,1.414436868498354E-11,5.086207457876083E-15,2780.926417596422,3.4441894977262186
SumUeU,8,Lat-Rpv,14,-9.254106878296346E-4,3.5214491672233075E-8,0.4608575735623095,2.033913784303107,8.634271351939306E-7,8.291186170784186E-7,1.0413795051863695,0.01760902631446469
SumUeU,8,Sob-LMS,14,-5.573578175141129E-9,8.799526498520706E-13,20.621699542915362,937.6769776539819,1.7600399569109148E-13,5.26789076440738E-18,33410.714755185574,4.523885766596306
SumUeU,8,Lat-Rpv,16,-2.306881744666476E-4,2.168941220379804E-9,0.4783874696221899,2.064607948286479,5.365077870400599E-8,5.165126000870609E-8,1.0387119054784506,0.016495109433443886
SumUeU,8,Sob-LMS,16,2.3289335934633777E-10,2.238939934018113E-14,30.583554700392835,2645.754634321958,4.4774863193662504E-15,1.5406549721701148E-21,2906222.6132690916,6.463328877687912
SumUeU,16,Lat-Rpv,10,-0.029398526309872566,3.3639622870655974E-5,0.3737970946904928,1.9764591006121024,8.710006009739433E-4,8.469421161813488E-4,1.0284062916850425,0.012164724948397286
SumUeU,16,Sob-LMS,10,-8.202382459057475E-6,1.0887982868569062E-8,4.098237043094935,28.06841111316456,2.244657892061095E-9,1.2212887349547642E-10,18.379420261697867,1.2643318084039337
SumUeU,16,Lat-Rpv,12,-0.007396915104059,2.2718182481812453E-6,0.44744977357655863,2.0250185946433104,5.5168671269927445E-5,5.344698503793075E-5,1.032212971990372,0.01376931261848851
SumUeU,16,Sob-LMS,12,-4.919652414429347E-7,1.5841116140735754E-10,8.804979801245649,121.7637838574257,3.192109385703137E-11,7.889304952118106E-13,40.46122446878068,1.6070390215882229
SumUeU,16,Lat-Rpv,14,-0.001852096161864249,1.4084849455225697E-7,0.45270148415375,2.023571618583245,3.4584270747328423E-6,3.345259771864084E-6,1.033829152468389,0.014448774472846522
SumUeU,16,Sob-LMS,14,-5.3767590070958356E-8,3.4854175668011042E-12,16.31926196972833,364.1839454333114,6.999047587509234E-13,1.7433914252028945E-16,4014.616273964231,3.603644040756907
SumUeU,16,Lat-Rpv,16,-4.618561095415651E-4,8.620222360322403E-9,0.46707985182802403,2.0693513780830255,2.1503493798848748E-7,2.0714379587782666E-7,1.0380949961702692,0.016237097659652703
SumUeU,16,Sob-LMS,16,-2.5872836959830287E-9,6.01310408967601E-14,30.07506750599912,1357.5754472058338,1.2031699595457583E-14,3.406033506852976E-21,3532466.598243873,6.5480780640048275
SumUeU,32,Lat-Rpv,10,-0.05874162464590468,1.3259444892381862E-4,0.37445671383409634,1.996907032895781,0.003477094703936142,0.003398276455476401,1.0231935951922697,0.009957812958712542
SumUeU,32,Sob-LMS,10,-1.5556664980245796E-5,2.2277657437959553E-8,2.9699180593765138,16.58550682428195,4.697095759750758E-9,8.45345548545468E-10,5.556421001840904,0.7447951441659179
SumUeU,32,Lat-Rpv,12,-0.014784047503941822,9.007806452418334E-6,0.4461941904370259,2.029944346649859,2.2036944173316306E-4,2.1347327338022226E-4,1.0323045983403172,0.013807861884211483
SumUeU,32,Sob-LMS,12,-1.147937916337632E-6,3.7965675086513834E-10,6.014897535705542,57.96784941004327,7.724151849777595E-11,1.0923914499034735E-12,70.70864432763659,1.8494725107460266
SumUeU,32,Lat-Rpv,14,-0.003683501060821421,5.53718715843457E-7,0.48391556563187355,2.0714550745221585,1.3678912733866906E-5,1.3160886717645486E-5,1.0393610269076228,0.01676642798011287
SumUeU,32,Sob-LMS,14,-5.0024315469551824E-8,5.7128407844229885E-12,11.515464372555236,211.04926744177183,1.1449563322071066E-12,7.073693351787231E-16,1618.611770777176,3.20914269431984
SumUeU,32,Lat-Rpv,16,-9.220405765157958E-4,3.459565242160495E-8,0.4928640063664219,2.1075723757733833,8.570772633128535E-7,8.272308627676445E-7,1.0360798924321473,0.015393245278568488
SumUeU,32,Sob-LMS,16,-1.483950081937913E-9,5.910379625976563E-14,12.384978079082101,571.5766332694919,1.1821779283873613E-14,2.4422129208272407E-19,48406.01400089748,4.6848993220813595
MC2,2,Lat-Rv,10,7.045459323458098E-4,7.74051141154995E-6,1.9441319593588176,115.2659932723744,2.0443324428667856E-6,6.712218692645623E-7,3.0456880749530693,0.4836854228794145
MC2,2,Lat-Rpv,10,0.001120048640526801,8.968345317467583E-6,0.4641066753384832,80.48851968857153,3.0479986537331023E-6,1.3402655431819829E-6,2.274175195533801,0.35682391836524907
MC2,2,Sob-LMS,10,2.28889352487093E-6,1.4604360656234638E-10,8.45187875507581,93.99949253796248,3.4444834008534105E-11,1.4771696304943617E-12,23.318130360564286,1.3676937259051107
MC2,2,Lat-Rv,12,1.935733503764428E-4,1.557722274827517E-6,2.7279061054319627,416.297495392251,3.489839424959679E-7,4.723174235917069E-8,7.3887585988707,0.868571477779366
MC2,2,Lat-Rpv,12,2.474562454169307E-4,2.749923892812736E-6,6.489274051240853,279.22742323544196,6.111643734805351E-7,9.173201690555522E-8,6.662497937985745,0.8236370876223884
MC2,2,Sob-LMS,12,1.7696948076432115E-7,2.6631740158359222E-12,14.891541059410015,298.97034946901425,5.638997368088612E-13,3.1446384442737734E-16,1793.2100837719324,3.253631172372091
MC2,2,Lat-Rv,14,4.2990575896258416E-5,2.1030605953663294E-7,4.748414116331749,424.60810092408934,4.390519540202781E-8,3.478009959483819E-9,12.623654306195231,1.1011850930447267
MC2,2,Lat-Rpv,14,6.496703250133623E-5,9.181092004474292E-7,10.794639560585376,956.2972911424717,1.8782419321750656E-7,6.469148800582425E-9,29.03383412677052,1.462904391331076
MC2,2,Sob-LMS,14,8.49683233003198E-9,2.056108884548131E-14,21.37635411487109,485.6652436756347,4.184002706964029E-15,8.717735516414444E-29,4.7994145946341875E13,13.681188267828777
MC2,2,Lat-Rv,16,1.352561434926791E-5,2.680167132371179E-8,0.986672562063181,1003.7271612691891,5.542740474841006E-9,2.266591676302433E-10,24.454075839028334,1.3883512547428956
MC2,2,Lat-Rpv,16,1.5843983642114708E-5,4.0432370854117425E-8,16.106851691423607,801.9942021094427,8.336697341058001E-9,4.2889720351573027E-10,19.437518530596446,1.2886408204021382
MC2,2,Sob-LMS,16,8.422267139762451E-10,5.478713813736926E-16,32.60291801817677,1119.0834476768844,1.1027266468484628E-16,1.4254310037295004E-33,7.736092760458322E16,16.8885216685612
MC2,4,Lat-Rv,10,6.699552248248643E-4,1.6878930351825096E-6,0.207062828737576,19.57521387461518,7.863848524459327E-7,5.625442489197612E-7,1.397907549416791,0.1454784503039455
MC2,4,Lat-Rpv,10,9.467106704945408E-4,1.787139977050984E-6,0.13867602319622593,14.06414497388841,1.2536533462388789E-6,1.0109712488044029E-6,1.2400484659889954,0.09343865943662691
MC2,4,Sob-LMS,10,4.990417148719483E-6,5.899562770713354E-11,4.147524571677812,27.925369873215725,3.670220894710606E-11,1.4905693390921197E-11,2.462294640346,0.39134001976514515
MC2,4,Lat-Rv,12,1.7488161229001377E-4,3.6256027051042545E-7,0.7109331960714558,75.77104416206191,1.0308838121382956E-7,3.9413683063591647E-8,2.615548033090502,0.4175627000142316
MC2,4,Lat-Rpv,12,2.4870713430218144E-4,5.10327355416173E-7,0.231396607771365,46.063856660270226,1.639105031889296E-7,7.40779006168593E-8,2.2126774898319055,0.3449181176807823
MC2,4,Sob-LMS,12,4.59112938980246E-7,1.5572901745134563E-12,6.538922690173854,59.45357191954467,5.2221157983828E-13,7.28850439544645E-14,7.164866089187457,0.8552080778777563
MC2,4,Lat-Rv,14,4.5646383899553216E-5,7.414478227065938E-8,1.5466232285922559,288.8933994243336,1.6911065921591857E-8,2.80022606103001E-9,6.039178820931137,0.7809778893191721
MC2,4,Lat-Rpv,14,5.8777204948104504E-5,1.0846655985448904E-7,3.6940704491497143,189.532785641692,2.5145902461212197E-8,4.838144921308497E-9,5.197426466177739,0.7157883535957814
MC2,4,Sob-LMS,14,3.561826779647152E-8,2.9891345590238304E-14,12.972499572076302,226.31659868212043,7.246332291957017E-15,2.267080036278344E-16,31.963283942337792,1.5046513928187097
MC2,4,Lat-Rv,16,1.0807044435259778E-5,1.8956546233735277E-8,0.2075128977456265,1252.887051039697,3.9077223252480604E-9,2.0872358271496598E-10,18.721997171658685,1.2723521752977183
MC2,4,Lat-Rpv,16,1.240232947789278E-5,2.431058053442444E-8,18.55208207029416,843.233480319159,5.0154476717524084E-9,3.675856128408846E-10,13.644298080630882,1.1349511986684493
MC2,4,Sob-LMS,16,3.0069607366110937E-9,5.697165180241788E-16,21.04478596086014,654.604931919475,1.22973722145996E-16,7.912831339281918E-19,155.4105185276902,2.1914804094709397
MC2,8,Lat-Rv,10,6.578585423314331E-4,3.8097735780709106E-7,0.08637717425365236,7.074959813106559,5.089657137327E-7,4.80493047051123E-7,1.059257187708166,0.025001419636825294
MC2,8,Lat-Rpv,10,9.102584508595987E-4,4.4630073479851986E-7,0.5273612229625922,6.193458323875028,9.178216683063246E-7,8.593037533184947E-7,1.068099219585441,0.02861159774588503
MC2,8,Sob-LMS,10,1.404876174788907E-5,1.262267629921895E-10,2.215541021387281,8.371524473489675,2.2261053471212923E-10,1.4555046708273724E-10,1.5294388205953862,0.1845321093630404
MC2,8,Lat-Rv,12,1.668995609357334E-4,9.830639919390739E-8,0.3056061325016891,16.057570174055083,4.751477715133819E-8,3.273533299048855E-8,1.451482933292412,0.16181193371195363
MC2,8,Lat-Rpv,12,2.3284374945889294E-4,1.0123525285550985E-7,0.23680826064029226,12.449329980082704,7.446123752812056E-8,6.094620605513416E-8,1.2217534502600575,0.08698357415962284
MC2,8,Sob-LMS,12,1.3519317025005947E-6,1.4233221904412544E-12,2.368630660199995,11.229708319397398,2.1123552998705985E-12,1.4295327931975282E-12,1.477654314697991,0.16957284625195446
MC2,8,Lat-Rv,14,3.677941251932736E-5,2.2612814238746955E-8,2.44650906946097,63.15139027015061,5.87483577673147E-9,2.244905289712172E-9,2.6169637550654556,0.4177977077051942
MC2,8,Lat-Rpv,14,5.753974248735319E-5,2.4355678227312174E-8,0.10621456357004348,41.57346039587474,8.181470497408805E-9,4.333505106190433E-9,1.8879568148475319,0.2759920560171787
MC2,8,Sob-LMS,14,1.5448150101333924E-7,5.931717216095304E-14,3.911741699542731,19.837556143669982,3.572678224408172E-14,1.224086649504954E-14,2.9186481413329988,0.4651817416176248
MC2,8,Lat-Rv,16,9.796119760242387E-6,5.860617224030046E-9,1.7644421828195112,240.1324745065887,1.26797019481854E-9,1.61540139287861E-10,7.849257778334862,0.8948285920301801
MC2,8,Lat-Rpv,16,1.4238765937164813E-5,5.986094649761456E-9,2.6558392034105536,166.39207121242978,1.399841663472661E-9,3.1182028166631943E-10,4.489257901994454,0.6521745557682644
MC2,8,Sob-LMS,16,1.2718771219081935E-8,1.649122408692632E-15,16.575713339239652,406.0287337449331,4.915586406136996E-16,5.0042169466963247E-17,9.822888293006878,0.9922392052290423
MC2,16,Lat-Rv,10,6.430852494107738E-4,8.918189718016855E-8,0.3435589175217956,4.414647710968057,4.313932338078072E-7,4.1984036478888326E-7,1.0275172898745295,0.011789138415673807
MC2,16,Lat-Rpv,10,8.947823622839596E-4,1.2382717737269526E-7,0.535682026730105,4.151846628325777,8.253984347854547E-7,7.920403887179937E-7,1.0421165972627415,0.017916312739816465
MC2,16,Sob-LMS,10,2.7605084217026118E-5,7.637922891225131E-11,1.0246039597536938,4.118544094591051,7.773149928269766E-10,7.203331369769987E-10,1.0791048654086801,0.03306365066566724
MC2,16,Lat-Rv,12,1.613400377427173E-4,2.257279653241478E-8,0.1600538008877875,5.971455568254921,3.054471562937375E-8,2.8692132896185064E-8,1.0645676199776353,0.027173252482145045
MC2,16,Lat-Rpv,12,2.2536690610261276E-4,2.6854649437784236E-8,0.4667760961618481,5.755577163519418,5.616063516083197E-8,5.308469901407736E-8,1.0579439311870058,0.02446265161094548
MC2,16,Sob-LMS,12,4.426699731828192E-6,7.125909506789679E-12,1.974242174820718,7.401419477041022,2.1020709898935585E-11,1.579199351036446E-11,1.3310991981562976,0.12421042182071122
MC2,16,Lat-Rv,14,3.9412738522670686E-5,5.593821157156353E-9,0.14931426563679462,17.063689901223977,2.672016312864537E-9,1.977590347358905E-9,1.3511475298375348,0.13070277159516078
MC2,16,Lat-Rpv,14,5.587546202484538E-5,5.892513638715402E-9,0.10590412490186599,11.561725654570306,4.300452133960245E-9,3.680124821457025E-9,1.1685614870686971,0.06765156892515833
MC2,16,Sob-LMS,14,6.40791484471803E-7,2.530221614274016E-13,1.0449808377322827,2.9135932237417195,4.612130984138287E-13,3.675217138943406E-13,1.2549274804111943,0.09861862958817959
MC2,16,Lat-Rv,16,1.0383324175947795E-5,1.4075510289981964E-9,0.6428414929645948,55.30170682249749,3.892954757218813E-10,1.4288300298680415E-10,2.7245751249911394,0.4352987872517979
MC2,16,Lat-Rpv,16,1.4331661159464918E-5,1.6056307523575686E-9,0.5802244352930255,40.87814060097901,5.264905494461819E-10,2.6562076848734926E-10,1.982113644367598,0.297128551111332
MC2,16,Sob-LMS,16,6.114598984467109E-8,6.679566985485067E-15,9.364614693180439,111.78544291506567,5.074611879841924E-15,2.81053218743566E-15,1.805569743170961,0.2566142684423292
MC2,32,Lat-Rv,10,6.398253785185315E-4,2.145291301655978E-8,0.3585704996268662,3.6055988724888084,4.136666685414338E-7,4.056940681076908E-7,1.0196517550057613,0.008451871072403552
MC2,32,Lat-Rpv,10,8.874453700194692E-4,5.372807828779007E-8,0.4885826089562898,3.0659669723003202,7.983038258649849E-7,7.800340104279856E-7,1.0234218190396276,0.010054671760095406
MC2,32,Sob-LMS,10,8.354500722151978E-5,6.581145789546489E-10,0.03410578003818471,2.4519160036106387,7.1113779851431435E-9,7.182193799214811E-9,0.9901400858774642,-0.0043033566957543685
MC2,32,Lat-Rv,12,1.5861255348346073E-4,5.339918456430121E-9,0.13603607777528748,3.8332238577754683,2.6225819015460586E-8,2.6121005173017707E-8,1.0040126266867841,0.0017391746276387888
MC2,32,Lat-Rpv,12,2.233150949520529E-4,7.925569912291068E-9,0.42256342802644015,3.725361460615445,5.145458710450437E-8,4.997097236738994E-8,1.0296895310782985,0.012706297263454305
MC2,32,Sob-LMS,12,2.2633261660658962E-5,2.5210494366551887E-10,0.006314012281899621,1.0669258615891042,5.626804800340854E-10,7.357814827429623E-10,0.7647385714797228,-0.11648700454319152
MC2,32,Lat-Rv,14,4.0345601019701774E-5,1.3308841495254826E-9,0.03257927121962562,6.109989802058037,1.8939177338630667E-9,1.8026140651630262E-9,1.0506507024795588,0.021458355229477807
MC2,32,Lat-Rpv,14,5.59062226257141E-5,1.6019955957228938E-9,0.3889051145364384,5.668310408146959,3.445872807508571E-9,3.296718449415934E-9,1.0452432806687093,0.01921738437563931
MC2,32,Sob-LMS,14,1.2991789965485839E-6,1.45048596993025E-13,1.1729272157257342,5.258018907700514,1.7168728834996505E-12,1.5976419620835684E-12,1.0746293126030484,0.0312586826202898
MC2,32,Lat-Rv,16,1.0121426755276144E-5,3.3137749599913637E-10,0.18959776320277932,16.560395478868344,1.6871215121232706E-10,1.2582000792657641E-10,1.3409008153200945,0.1273966548447033
MC2,32,Lat-Rpv,16,1.399263894553996E-5,3.723915501022053E-10,0.04684545591013714,11.675092895517409,2.7026480684968065E-10,2.2702057903364447E-10,1.1904859374428227,0.07572426968877398
MC2,32,Sob-LMS,16,1.6809794907003613E-7,9.887460954986288E-15,2.5161592644410353,11.916849038484905,3.0234214923330614E-14,2.346724936641626E-14,1.2883578493267511,0.11003650774634288
SmoothGauss,2,Lat-Rv,10,-3.0227848012911497E-4,2.3294021465017776E-5,8.80919385455727,168.0038286966908,4.749710692123423E-6,4.930299385137632E-7,9.633716578026492,0.9837938653114288
SmoothGauss,2,Lat-Rpv,10,-4.7422737259383477E-4,2.6862810154472186E-5,7.046983076989302,121.08594107737366,5.5969163756085995E-6,8.554119548709435E-7,6.542948510057951,0.8157735026175292
SmoothGauss,2,Sob-LMS,10,1.9250695280937586E-4,5.2961744612402605E-9,0.508373916668815,4.182702326157943,3.811805584871009E-8,3.689070104744577E-8,1.0332700319163302,0.014213833664747913
SmoothGauss,2,Lat-Rv,12,-4.249393713278229E-5,8.273028590429363E-6,16.93869019573895,533.023911920156,1.6562459922071088E-6,3.096035478008244E-8,53.49570455415494,1.7283189116787863
SmoothGauss,2,Lat-Rpv,12,-1.203777073595205E-4,5.980094639510029E-6,11.451840716321817,452.5011567645058,1.21039011843835E-6,6.544537332051586E-8,18.494662907804305,1.267046420073439
SmoothGauss,2,Sob-LMS,12,3.2955760639126316E-5,2.7457772835239034E-10,0.7064473847385786,4.35927974598819,1.1409922134192982E-9,1.0876408859197056E-9,1.04905233721007,0.020797155681192163
SmoothGauss,2,Lat-Rv,14,-1.3753259560799127E-5,1.0111439931866562E-6,54.21112590986961,4290.200405587168,2.023977279060142E-7,2.51718440466475E-9,80.40639673872857,1.9052906004626842
SmoothGauss,2,Lat-Rpv,14,-1.2892961751259679E-5,1.9416415842163367E-6,41.72254667092719,2369.1445535406383,3.884557124743025E-7,4.7534647150342125E-9,81.72054191244935,1.9123312379017474
SmoothGauss,2,Sob-LMS,14,5.280147656811153E-6,1.4653884630696332E-11,0.6539701282256776,4.185063988808825,3.081044312617496E-11,2.8912117075798454E-11,1.0656584934752338,0.02761805069289127
SmoothGauss,2,Lat-Rv,16,-6.14835142546282E-6,7.586222223488621E-8,9.412973290053134,938.1705226727819,1.5208729427783535E-8,1.7581751657319854E-10,86.50292487467622,1.9370307922677814
SmoothGauss,2,Lat-Rpv,16,-1.0222306601818866E-5,4.112918694735879E-8,16.822316586821895,1065.130741803013,8.3295103579944E-9,3.1830939344383887E-10,26.167969056382947,1.4177700175641095
SmoothGauss,2,Sob-LMS,16,8.490166859680147E-7,7.366917830515897E-13,0.5267278472799344,4.265271136621867,8.681529558267672E-13,8.20960685250654E-13,1.057484202866188,0.024273888426004295
SmoothGauss,4,Lat-Rv,10,-1.669873956272922E-4,3.418122623449891E-5,0.9279406191323178,15.076066235686387,6.863446412673477E-6,3.105196543106506E-6,2.2103098201336833,0.344453153207197
SmoothGauss,4,Lat-Rpv,10,-4.401242613011302E-4,3.7885237206448874E-5,0.5881964945265283,10.110450961684394,7.769999101931512E-6,4.952229979809804E-6,1.5689899567689154,0.1956201636418759
SmoothGauss,4,Sob-LMS,10,2.5799986067044346E-4,7.783924557806586E-8,0.16343933727681198,3.015613396411951,8.213022043666985E-8,8.515282649149067E-8,0.9645037495599412,-0.01569607967377552
SmoothGauss,4,Lat-Rv,12,-4.244746094390599E-6,9.562031339421795E-6,3.291802843648898,59.07323117653073,1.912233045126976E-6,3.671890244271249E-7,5.207761991552916,0.7166511276113601
SmoothGauss,4,Lat-Rpv,12,-3.715593766201683E-5,1.0371231637939921E-5,2.1121494532091165,37.52119058516351,2.0754194666587695E-6,6.285914186359768E-7,3.3016986950957157,0.5187374380885329
SmoothGauss,4,Sob-LMS,12,-4.8592814773156785E-5,4.86164777183946E-9,0.11914499992292481,3.202034707060538,3.3334939689907796E-9,3.812735133568527E-9,0.8743051516066888,-0.05833696264126971
SmoothGauss,4,Lat-Rv,14,3.833759803012938E-6,1.9530811212087208E-6,7.011501922764913,245.92658824877572,3.9059186033354715E-7,4.336513660308343E-8,9.007047848334796,0.9545824698618405
SmoothGauss,4,Lat-Rpv,14,-3.594934879592836E-6,2.5661840111979205E-6,3.3904026399322524,118.92387519550188,5.131984021161486E-7,7.663678904357324E-8,6.6965018827231955,0.8258479952733061
SmoothGauss,4,Sob-LMS,14,-2.3271171970324782E-5,2.842169433900269E-10,0.051251526037308016,3.099663958030664,5.983851492115674E-10,6.196947607561519E-10,0.9656127292110998,-0.015197017776385055
SmoothGauss,4,Lat-Rv,16,1.4169777336475693E-5,5.870808077636639E-7,25.909064457627842,1035.6921421913198,1.1760520252634284E-7,4.9725516663753086E-9,23.650875931887494,1.3738472298662496
SmoothGauss,4,Lat-Rpv,16,-4.551174975777743E-6,5.532169581276531E-7,11.449851953226098,512.6696768892505,1.106530404800282E-7,8.833480533889859E-9,12.526550554507384,1.0978314954644477
SmoothGauss,4,Sob-LMS,16,-4.542964566829995E-6,2.176744517137813E-11,0.03238557732645007,3.1322545974533207,2.4991580740845042E-11,2.6555117379277845E-11,0.9411210797489111,-0.02635449890635843
SmoothGauss,8,Lat-Rv,10,-7.098530487848136E-5,4.213749227158543E-5,0.22775805306683466,4.818646666504675,8.431694617980347E-6,8.290628424759327E-6,1.0170151387800395,0.007327417661879184
SmoothGauss,8,Lat-Rpv,10,-2.514857803133039E-4,4.6174548768774836E-5,0.10204483426594438,4.0266570564916915,9.297231360479383E-6,1.061714793750644E-5,0.8756806832874315,-0.05765423032453139
SmoothGauss,8,Sob-LMS,10,0.0011024470612818944,4.311536164231839E-7,0.0079529268098759,2.71789371562109,1.3016116231413934E-6,1.3385985679261773E-6,0.9723689045610695,-0.01216893793387401
SmoothGauss,8,Lat-Rv,12,2.6817787676328514E-5,1.1125001040203574E-5,0.6328830590198135,12.401441816237883,2.2254969017557632E-6,1.2959750466746084E-6,1.7172374633803715,0.234830354511508
SmoothGauss,8,Lat-Rpv,12,-2.705991648224456E-5,1.2945701194711705E-5,0.24400402281850467,7.812732246460635,2.5896135639984726E-6,2.0011304685233895E-6,1.2940753262876048,0.11195955673370081
SmoothGauss,8,Sob-LMS,12,-2.6973285162692855E-4,3.5202720706416145E-8,0.1752934740486147,3.063336972865062,7.979565133366375E-8,8.4835173617755E-8,0.9405963108321318,-0.026596728958416867
SmoothGauss,8,Lat-Rv,14,3.09041855727095E-5,2.9259289500798257E-6,1.8382822683725923,40.69520432432773,5.86082340122876E-7,1.871658205136496E-7,3.1313534624775907,0.49573209289300685
SmoothGauss,8,Lat-Rpv,14,-3.7460998038366703E-5,3.216227912056522E-6,0.3290830381160412,23.727654058147557,6.445845842270938E-7,3.0516620975931065E-7,2.1122410136282377,0.3247434711141109
SmoothGauss,8,Sob-LMS,14,-1.9437195949088959E-4,7.353880802359899E-9,0.36724882955337285,3.2070303826626,3.9251087719183955E-8,4.155433761004506E-8,0.9445725759732881,-0.024764667563432197
SmoothGauss,8,Lat-Rv,16,1.017169126919734E-5,5.886557717302676E-7,4.7707598463522105,147.8046574047934,1.1782284453389479E-7,2.545531460079095E-8,4.628614746338031,0.6654510346384297
SmoothGauss,8,Lat-Rpv,16,-5.050190382159252E-6,8.636199059752019E-7,0.12717677699719365,94.3627646252929,1.7273221321981693E-7,4.338075449296485E-8,3.9817706086192968,0.6000762365350741
SmoothGauss,8,Sob-LMS,16,-6.818055748786238E-5,5.745035569802013E-10,0.07554920910419353,3.004921837102855,4.763477640680607E-9,4.782411351004414E-9,0.9960409699345854,-0.001722797469302055
SmoothGauss,16,Lat-Rv,10,-1.1008890018469872E-4,4.581867262092991E-5,0.04731605608248532,3.5080684855719833,9.174937716677438E-6,1.1696530437736589E-5,0.7844153243150019,-0.10545393055698772
SmoothGauss,16,Lat-Rpv,10,-1.1138049458293681E-4,5.200481475938806E-5,0.12133795337734146,3.3568898148618516,1.0412328470155963E-5,1.4057524107812274E-5,0.7406943349554319,-0.13036097694554877
SmoothGauss,16,Sob-LMS,10,0.0054825447018562535,5.0976304937188E-7,0.02496147739584976,2.9998447941428394,3.0160238822465465E-5,3.0160485681037698E-5,0.9999918151658815,-3.5546428400428584E-6
SmoothGauss,16,Lat-Rv,12,1.1474765728675077E-5,1.1912839685304665E-5,0.10266156838885035,4.8225960139846675,2.382461350515755E-6,2.4428186907401462E-6,0.9752919279465215,-0.010865370229807757
SmoothGauss,16,Lat-Rpv,12,-7.077581493870927E-5,1.4939618881098736E-5,0.03897438654212762,4.394458448783244,2.9926341998223636E-6,3.3758337836814733E-6,0.8864874255031548,-0.05232742032625996
SmoothGauss,16,Sob-LMS,12,6.444792480614714E-4,1.1918644393095157E-7,0.00440270755529997,2.987734532698485,4.391884062391913E-7,4.5317259591721986E-7,0.969141581366533,-0.013612772469738124
SmoothGauss,16,Lat-Rv,14,-2.23216961766315E-5,3.2174182585603977E-6,0.12478363000729334,10.794420520503245,6.439175614671102E-7,4.1575463867244923E-7,1.5487922480509433,0.18999316625749732
SmoothGauss,16,Lat-Rpv,14,1.5853880126202E-5,3.6955174807031868E-6,0.18048288980821162,7.433902637095245,7.392809313060792E-7,6.15149309782526E-7,1.201791044140873,0.07982896328622976
SmoothGauss,16,Sob-LMS,14,-1.897523715887904E-4,2.8678858162716124E-8,0.03092923093095845,2.8485446898005526,4.1741160578950356E-8,4.52509675226089E-8,0.9224368640978797,-0.03506334930141311
SmoothGauss,16,Lat-Rv,16,3.1056568173631947E-6,7.604948904008722E-7,0.17434815112374635,34.02985350332131,1.5209341328663365E-7,5.8063694240772885E-8,2.6194236394251367,0.4182057425588566
SmoothGauss,16,Lat-Rpv,16,-7.223353918298202E-6,9.473557282025063E-7,0.01133049704153404,21.133394310264265,1.895043753677662E-7,9.087611713531734E-8,2.085304492990038,0.31916947895973663
SmoothGauss,16,Sob-LMS,16,-2.0815441165916091E-4,9.093690422639519E-9,0.026847998380781928,2.1461754515399103,4.5146815303890875E-8,4.615309956514405E-8,0.978196821649371,-0.009573752619195885
SmoothGauss,32,Lat-Rv,10,2.405288976216851E-5,4.803823867632803E-5,0.07604016943308609,3.136850291445032,9.607265511997992E-6,1.3916009614751104E-5,0.6903750268909127,-0.1609149268519894
SmoothGauss,32,Lat-Rpv,10,-2.046236620559867E-4,5.448055508635864E-5,0.21639300291619876,3.403102441175508,1.0936892249243202E-5,1.5279370608701616E-5,0.7157946835201858,-0.14521153160460773
SmoothGauss,32,Sob-LMS,10,0.009360858686216635,2.369585333063141E-6,0.008719638885406911,2.736073758790685,8.80995450182234E-5,8.834623921635549E-5,0.9972076434682414,-0.0012144013441988098
SmoothGauss,32,Lat-Rv,12,-2.6931189016802725E-5,1.267425380034699E-5,0.011792467316139777,3.4154302292640693,2.5353225639352496E-6,3.409306463817892E-6,0.7436475983728619,-0.12863282028649708
SmoothGauss,32,Lat-Rpv,12,4.5250282619154386E-5,1.5063202982158444E-5,0.13056560714691443,3.287462257911567,3.014386920449159E-6,4.1316259985374086E-6,0.7295885255626354,-0.1369220048934792
SmoothGauss,32,Sob-LMS,12,0.0019682261840355685,7.93254694827332E-7,0.018188530158080342,1.8410463756048343,4.032549385394786E-6,4.271122139092419E-6,0.9441428397670856,-0.024962296136475055
SmoothGauss,32,Lat-Rv,14,3.966897725736642E-5,3.3372628667197853E-6,0.004457388160815742,4.961559142137404,6.689594558432682E-7,6.898737402148332E-7,0.9696838955414477,-0.013369817069604403
SmoothGauss,32,Lat-Rpv,14,1.729556680569625E-5,3.88688862653371E-6,0.007773039193738863,4.069102436639839,7.775991241653418E-7,9.274215252373426E-7,0.8384527456016736,-0.07652140879163104
SmoothGauss,32,Sob-LMS,14,5.881772127632093E-4,3.812429951769615E-8,0.015358625289467806,2.9558292781219393,3.535765310314465E-7,3.583928415537757E-7,0.9865613651727848,-0.005875895990038618
SmoothGauss,32,Lat-Rv,16,1.633116929237515E-6,8.244018479667334E-7,0.05715965826149122,9.156753951392343,1.6486654862729192E-7,1.1863027233862276E-7,1.3897510759875065,0.1429370189547104
SmoothGauss,32,Lat-Rpv,16,-7.793988622659698E-7,9.995756553092213E-7,0.10777072175317758,7.237601922508705,1.9989574701132455E-7,1.6589369950589451E-7,1.2049628624034747,0.08097366193015162
SmoothGauss,32,Sob-LMS,16,-1.6777069184294443E-4,6.912285850867028E-9,0.05759746805720576,2.9483341992703793,2.952932396591661E-8,3.014484897643796E-8,0.9795810882647823,-0.008959607930265656
PieceLinGauss,2,Lat-Rv,10,-0.0012424392428112474,1.0006827082277445E-4,1.8001161094557419,51.58437583868043,2.1555308071215822E-5,4.574534558269589E-6,4.712022129606462,0.6732073214104979
PieceLinGauss,2,Lat-Rpv,10,-0.0019027551117932107,1.2126902910653942E-4,0.6478971221310352,33.488002974306255,2.787185745618095E-5,8.668958610015529E-6,3.2151332945550912,0.5071989828246982
PieceLinGauss,2,Sob-LMS,10,-3.300746073092537E-7,1.4115678239682342E-7,0.26274837475296103,3.3505179452666556,2.8228642292963136E-8,3.883882628315723E-8,0.7268150197732601,-0.13857610649162264
PieceLinGauss,2,Lat-Rv,12,-4.343535149158828E-4,3.132020345865235E-5,2.5295883706498232,168.52689679396224,6.452077263581078E-6,5.136042792317322E-7,12.562351063804078,1.0990709259047455
PieceLinGauss,2,Lat-Rpv,12,-4.972461741866896E-4,3.111920710685284E-5,0.47110366344652094,90.51041838507004,6.470472794971729E-6,8.677785850918973E-7,7.456363761599982,0.872527087087608
PieceLinGauss,2,Sob-LMS,12,-1.667833515763474E-6,7.65753729645437E-9,0.2606062483862684,3.3982829137215367,1.5341359771812488E-9,2.086184020177457E-9,0.7353790280930014,-0.13348875971784485
PieceLinGauss,2,Lat-Rv,14,-1.6314868908447826E-4,5.944184632711382E-6,13.819466354061765,511.5656315241895,1.2153355375996058E-6,5.020495785425346E-8,24.2074804868428,1.3839495904494994
PieceLinGauss,2,Lat-Rpv,14,-1.7235909608324888E-4,1.1537691248107395E-5,1.1088322020294838,349.60725960992966,2.3370151537991515E-6,8.941002622668619E-8,26.138177701390976,1.4172753062048353
PieceLinGauss,2,Sob-LMS,14,-1.778018342553185E-7,3.9258437397484953E-10,0.2275197009064231,3.476517574296356,7.854063659975498E-11,9.940178031993713E-11,0.7901330976866014,-0.1022997457702259
PieceLinGauss,2,Lat-Rv,16,-2.794505849257275E-5,2.5667167017057816E-6,22.823846639588233,1631.4283315058842,5.140729323012755E-7,4.763239518072843E-9,107.92506451770119,2.033122316950017
PieceLinGauss,2,Lat-Rpv,16,-5.123232045943497E-5,2.185185581163827E-6,4.424779401861641,952.7307649166956,4.3961816318080037E-7,8.633772536435233E-9,50.91843239158496,1.7068750247113083
PieceLinGauss,2,Sob-LMS,16,2.1641874496819356E-8,2.082054594113013E-11,0.252012773234991,3.7303002220989256,4.1641611480389395E-12,5.303021498230943E-12,0.7852431202528746,-0.10499585989513999
PieceLinGauss,4,Lat-Rv,10,-0.0014718486594730489,1.740772625614771E-4,0.3026141677343251,12.204192870334671,3.697830944343681E-5,2.021981878787387E-5,1.828815076503715,0.26216979333083296
PieceLinGauss,4,Lat-Rpv,10,-0.0022139844273966324,1.9647511506424952E-4,0.2845978596090226,9.00521432207177,4.419282055530342E-5,2.996323465160804E-5,1.474901527460144,0.1687630253933031
PieceLinGauss,4,Sob-LMS,10,1.0064333659474604E-5,2.299592512337799E-6,0.07246084179510943,3.08835050884858,4.5997380142932233E-7,6.572228289799262E-7,0.699874960435027,-0.15497954404827247
PieceLinGauss,4,Lat-Rv,12,-4.441138774335586E-4,4.219816732862261E-5,0.18007173494509482,39.867740692006166,8.63602663850702E-6,2.470543906876629E-6,3.4955973113730523,0.5435213966392765
PieceLinGauss,4,Lat-Rpv,12,-6.071549158024587E-4,5.2707876858670636E-5,0.31795242113100647,25.219985280919328,1.0909158305980045E-5,4.0171172432047855E-6,2.715668387432205,0.43387673677892974
PieceLinGauss,4,Sob-LMS,12,7.640067278905835E-6,2.3986496100637866E-7,0.08460570743419528,3.198361832925037,4.80265655300818E-8,6.674019219984237E-8,0.7196048430048607,-0.14290592247600103
PieceLinGauss,4,Lat-Rv,14,-1.0849276209955237E-4,1.2522238432737026E-5,1.4855677782381127,127.75645578666746,2.515967921206741E-6,3.3447038094437536E-7,7.522244313840044,0.8763474347005115
PieceLinGauss,4,Lat-Rpv,14,-1.5107857982817578E-4,1.6128079164409147E-5,2.5400942720134756,86.4397483568459,3.248118008581439E-6,5.395458979464463E-7,6.020095826775867,0.7796034043323676
PieceLinGauss,4,Sob-LMS,14,-1.3023392159859388E-6,1.6592193942410342E-8,0.023493771880479224,3.0458511171079974,3.3198030320367152E-9,4.5888677950700935E-9,0.7234470854887651,-0.14059322863705548
PieceLinGauss,4,Lat-Rv,16,-6.121670510074497E-5,2.2882786760562323E-6,13.64884748883008,506.4140318642387,4.613574546211169E-7,3.6052461829601455E-8,12.796836365895876,1.1071026166280233
PieceLinGauss,4,Lat-Rpv,16,-4.4528826404721E-5,3.700266003076508E-6,2.5042685384390158,344.8922134594862,7.419620116762218E-7,5.75817693331148E-8,12.885363202091213,1.110096664597512
PieceLinGauss,4,Sob-LMS,16,7.81536861311053E-8,2.040491001225736E-9,0.08314079896522446,3.1983739693955964,4.0806349842377856E-10,5.854137982690101E-10,0.6970513842180821,-0.15673520603423605
PieceLinGauss,8,Lat-Rv,10,-0.0014860583228445746,2.0893431739550094E-4,0.2257373518245337,5.014710685891777,4.399105413164791E-5,4.179031315262974E-5,1.0526615096417309,0.0222887433342228
PieceLinGauss,8,Lat-Rpv,10,-0.0020220088862247044,2.245610482686949E-4,0.27338575859644454,4.4419037356091,4.899623836874528E-5,5.631232823365955E-5,0.8700801388541909,-0.06044074478447962
PieceLinGauss,8,Sob-LMS,10,0.001237483692308973,4.330100825654891E-6,0.09167999182301938,3.0336955611309384,2.397299451845114E-6,2.8054715545295222E-6,0.8545085577412462,-0.068283583544543
PieceLinGauss,8,Lat-Rv,12,-3.3408080929530156E-4,5.1157633174092806E-5,0.30144099823158255,11.40996604614534,1.0342113469294484E-5,6.3512931549787474E-6,1.62834767927337,0.21174713953890656
PieceLinGauss,8,Lat-Rpv,12,-4.823873398153246E-4,6.271037354980055E-5,0.1904845916621199,7.6590371616618445,1.277351804810322E-5,9.941799171421189E-6,1.2848296196549738,0.10884554000219178
PieceLinGauss,8,Sob-LMS,12,-6.613975353300466E-5,6.67341393953527E-7,0.04441676492973128,3.0009666286291163,1.3782939896023292E-7,1.938494502534999E-7,0.7110125862105428,-0.14812271140327676
PieceLinGauss,8,Lat-Rv,14,-1.64809265318031E-4,1.626636902904091E-5,0.2336467847744269,33.72840438657412,3.2801105723622705E-6,9.578442550889172E-7,3.424471729026319,0.534593585211255
PieceLinGauss,8,Lat-Rpv,14,-1.8246245428254202E-4,1.6579903508299998E-5,0.1544606302476616,22.40061132450042,3.348941650812642E-6,1.5207726696795442E-6,2.20213166476639,0.3428432817438368
PieceLinGauss,8,Sob-LMS,14,1.0201825868177312E-5,1.3729472697536487E-7,0.040143713213585515,2.9214428197434947,2.7560276751578077E-8,4.020716206748993E-8,0.68545690206428,-0.1640198461758133
PieceLinGauss,8,Lat-Rv,16,-4.854984448800009E-5,3.2756031236755185E-6,2.293472681692879,109.69350408488724,6.574122000724393E-7,1.238501698754561E-7,5.308125138088497,0.7249411527268171
PieceLinGauss,8,Lat-Rpv,16,-3.300785887886652E-5,4.407940712466755E-6,0.30204173773574966,71.02431596216688,8.825895024268689E-7,2.0670272610104662E-7,4.269849358423144,0.6304125532546191
PieceLinGauss,8,Sob-LMS,16,-1.723899333831328E-5,2.2190462158229567E-8,0.017950444811132997,2.986234030922476,4.734831513721159E-9,6.708391121860205E-9,0.7058073132158419,-0.15131384601454417
PieceLinGauss,16,Lat-Rv,10,-0.0015934210304812337,2.1444793357381815E-4,0.33475664705852454,3.6907845232513146,4.542428833647203E-5,6.01290070154047E-5,0.7554471725241462,-0.12179589993304848
PieceLinGauss,16,Lat-Rpv,10,-0.00201779705039461,2.43005170302104E-4,0.4079519760164796,3.641345373519406,5.266767889359595E-5,7.275613209839153E-5,0.7238933320750336,-0.14032542372568313
PieceLinGauss,16,Sob-LMS,10,-0.0010399268818556046,6.748953622601384E-6,0.020042637260000648,2.9819895816022823,2.4311036650537455E-6,2.997252111774524E-6,0.8111108356562003,-0.09091979680614468
PieceLinGauss,16,Lat-Rv,12,-4.0163178756352417E-4,5.766524556066163E-5,0.22921330639068319,4.979577953700858,1.1693203900002585E-5,1.1681057484512329E-5,1.0010398386880948,4.5136157334490297E-4
PieceLinGauss,16,Lat-Rpv,12,-4.888026757197723E-4,6.912664291409948E-5,0.29029955233927224,4.323065330758792,1.4062874105752425E-5,1.5828509069868008E-5,0.8884522252650605,-0.051365920544777365
PieceLinGauss,16,Sob-LMS,12,8.369236679580141E-4,1.4329701136182711E-6,0.013692226747995046,2.9027430526917084,9.870065893096781E-7,1.1488735927697734E-6,0.8591080824916024,-0.06595219510137254
PieceLinGauss,16,Lat-Rv,14,-1.3299081952025132E-4,1.4930104667335218E-5,0.05099228058538993,9.699350248681917,3.003408889450365E-6,1.9806506162667107E-6,1.5163749046822965,0.1808065884369448
PieceLinGauss,16,Lat-Rpv,14,-2.425117418354623E-4,1.7659720440982416E-5,0.05852579416469317,6.9215399400789295,3.5904028387157334E-6,2.9429875402841793E-6,1.2199857422328872,0.08635475517822035
PieceLinGauss,16,Sob-LMS,14,7.526962059354562E-5,2.6549897979597384E-7,0.13430735735966023,2.892510035359638,5.8760001763895156E-8,8.380828696654006E-8,0.7011240044478505,-0.15420516365293774
PieceLinGauss,16,Lat-Rv,16,-3.0332136469898465E-5,3.9321417578581195E-6,0.17910825422993845,28.67265639512562,7.872697472392953E-7,2.804102679731492E-7,2.807563906021732,0.44832965049599804
PieceLinGauss,16,Lat-Rpv,16,-4.4986734080775136E-5,4.653757452477309E-6,0.26614080209065527,20.575426946242068,9.326822215896665E-7,4.507349118552428E-7,2.0692477930114386,0.3158125006675679
PieceLinGauss,16,Sob-LMS,16,4.21776532505516E-5,5.175059911689715E-8,0.04039206836454507,2.932922871278317,1.2128039245120858E-8,1.6697598668712758E-8,0.7263343361968483,-0.1388634248344119
PieceLinGauss,32,Lat-Rv,10,-0.0015961105635403413,2.2102561551794487E-4,0.30718198436220057,3.2390198879676158,4.674827152232368E-5,6.692378543373287E-5,0.6985299952677252,-0.15581494030203455
PieceLinGauss,32,Lat-Rpv,10,-0.0020301570587503686,2.544663929714939E-4,0.44288518086390744,3.532397630321593,5.500972694963329E-5,7.831636202209693E-5,0.7024040127669914,-0.1534130160120001
PieceLinGauss,32,Sob-LMS,10,-0.0035711315112947448,1.440607788105317E-5,0.040437366187034855,2.9096605341732844,1.56339077256153E-5,1.7006231693524903E-5,0.9193046412255976,-0.03654054728721045
PieceLinGauss,32,Lat-Rv,12,-5.289057430571465E-4,5.92373896714098E-5,0.19514408022361368,3.458146697432018,1.2126034471527365E-5,1.6307588138574936E-5,0.743582335320557,-0.12867093595760382
PieceLinGauss,32,Lat-Rpv,12,-6.554503764781252E-4,7.073762727875116E-5,0.2226618072430856,3.5532046293972557,1.4575725899229972E-5,1.938967525757819E-5,0.7517261483548183,-0.1239403428113763
PieceLinGauss,32,Sob-LMS,12,-2.3741101209690115E-4,4.097642930555246E-6,0.024308848140012815,2.3985352912011355,8.758106219173132E-7,1.4483819386145642E-6,0.6046820928705182,-0.21847289245354823
PieceLinGauss,32,Lat-Rv,14,-1.66137462185642E-4,1.5912265336897303E-5,0.0426863858617135,4.644202345655272,3.209736478414208E-6,3.2192262505601448E-6,0.997052157441781,-0.0012821224339092281
PieceLinGauss,32,Lat-Rpv,14,-2.0573064130928906E-4,1.8454433569250292E-5,0.17404993043024872,4.193786958010705,3.732842721952205E-6,4.264566137668031E-6,0.8753159410475023,-0.057835162191798226
PieceLinGauss,32,Sob-LMS,14,1.2331176436230582E-4,4.106233130342143E-7,0.049742440196200485,2.9886336408131897,9.7322241370727E-8,1.3105732112544792E-7,0.7425929397532113,-0.12924918417099288
PieceLinGauss,32,Lat-Rv,16,-4.019739687462359E-5,4.054101183371769E-6,0.03887123136150575,9.708521874968461,8.123549853661823E-7,5.334742444474973E-7,1.5227632708070344,0.18263239304500795
PieceLinGauss,32,Lat-Rpv,16,-3.538949519609018E-5,4.839279249282796E-6,0.019773760339009495,7.068133695274018,9.690114806418078E-7,7.941911690782947E-7,1.2201237162664529,0.08640386884505084
PieceLinGauss,32,Sob-LMS,16,3.412965333110766E-4,6.67569107772028E-8,0.08501155316511735,3.0277815498842466,1.2983337066738384E-7,1.3665733825879857E-7,0.95006512143174,-0.02224662533309207
IndSumNormal,2,Lat-Rv,10,-9.208789314570501E-4,1.0424779050170658E-4,7.887053322464473,131.95898670648648,2.1695491150932758E-5,2.376599405026365E-6,9.128796003671505,0.9604135022394383
IndSumNormal,2,Lat-Rpv,10,-0.0011833987247052628,1.2978497025778354E-4,5.78814644301311,70.98286761700042,2.7354830893785595E-5,3.6310269267813368E-6,7.53363482160509,0.8770045647913861
IndSumNormal,2,Sob-LMS,10,-4.343752520705397E-5,5.510459483677267E-6,0.010289962878519125,2.9887786970128594,1.1038685061418933E-6,1.641014704153702E-6,0.6726743540736134,-0.17219512961856245
IndSumNormal,2,Lat-Rv,12,-2.602099861445511E-4,2.2442567299003424E-5,17.197525875516913,565.9349883867163,4.5557738453440525E-6,2.689541846363468E-7,16.93884722970166,1.228883851165017
IndSumNormal,2,Lat-Rpv,12,-2.9725081930929124E-4,3.307465443553716E-5,10.707014475676646,266.76847778663205,6.702627443598767E-6,4.3169068971429387E-7,15.5264581870755,1.1910723980828704
IndSumNormal,2,Sob-LMS,12,-8.105720820528069E-7,6.345118626509576E-7,0.03575581240098582,3.004181831046088,1.2689033932003873E-7,1.8253417059279147E-7,0.6951593715738493,-0.1579156180566509
IndSumNormal,2,Lat-Rv,14,-7.658571856642732E-5,5.13448696369281E-6,42.506958669024776,2648.155622954838,1.032660075287624E-6,2.774153065744079E-8,37.22433661066375,1.5708269667628223
IndSumNormal,2,Lat-Rpv,14,-1.087654727407534E-4,1.0809126633430902E-5,24.28769592200555,1021.1754572138284,2.1734390722140313E-6,4.7238212517556934E-8,46.01018870911412,1.6628540145114572
IndSumNormal,2,Sob-LMS,14,9.594474491984212E-7,8.166478802435598E-8,0.007917970928256773,3.007305283581685,1.633224484851848E-8,2.374518888911568E-8,0.6878127996701199,-0.1625297465506727
IndSumNormal,2,Lat-Rv,16,-1.1418482238301208E-5,2.822359037635918E-6,5.9304330597644626,1836.0980953780652,5.645457420830573E-7,3.599329684955954E-9,156.84746647207055,2.1954775080124955
IndSumNormal,2,Lat-Rpv,16,-1.105433322159179E-5,2.125977891583066E-6,1.7181844986490988,1816.7983608626016,4.252752570417555E-7,5.4665566819178E-9,77.79581952355403,1.8909562601435166
IndSumNormal,2,Sob-LMS,16,1.1776481327930525E-6,1.0620089919280317E-8,0.011342822609269687,3.040186492889818,2.1251924371823485E-9,3.0419495803537165E-9,0.6986284226759709,-0.15575374970290007
IndSumNormal,4,Lat-Rv,10,-0.001328789087707035,2.0037178536846343E-4,1.8391690785602632,15.418674208680418,4.183603007759461E-5,2.126582498445031E-5,1.967289306113699,0.2938682312003793
IndSumNormal,4,Lat-Rpv,10,-0.0016044816567047078,2.2740332074474147E-4,1.224410703097271,10.30200645643239,4.805047746923528E-5,3.261696649674389E-5,1.4731743209176762,0.16825414000845815
IndSumNormal,4,Sob-LMS,10,-8.259768145705936E-5,2.991709754471544E-5,0.015508234058358002,2.975777405927711,5.989643543974275E-6,8.630261107588823E-6,0.6940280797190966,-0.1586229580460711
IndSumNormal,4,Lat-Rv,12,-2.7039065020706014E-4,5.243414870165912E-5,3.201918213658506,56.50474693830328,1.0558892161077187E-5,2.8259624873425915E-6,3.7363879415845664,0.5724519618146566
IndSumNormal,4,Lat-Rpv,12,-4.2104681398626815E-4,5.396645608865393E-5,1.6845574051839451,31.055933423115004,1.0969492308176999E-5,4.465236694437748E-6,2.4566429640429734,0.39034204292161306
IndSumNormal,4,Sob-LMS,12,1.0053685730450049E-5,5.137735133123877E-6,0.019708932845848636,3.0765064884971918,1.0275453485188793E-6,1.4651973492520812E-6,0.7013016704155218,-0.15409512666320288
IndSumNormal,4,Lat-Rv,14,-7.73669685664284E-5,1.1622386642008323E-5,9.270931771589602,267.56252395553497,2.3302305284939836E-6,3.503728842678229E-7,6.650715946136887,0.8228683993963654
IndSumNormal,4,Lat-Rpv,14,-8.789118439755985E-5,1.1009760028214732E-5,2.113474501363101,80.96057463717283,2.209456670737188E-6,6.643084206923294E-7,3.325950118823626,0.5219157315695809
IndSumNormal,4,Sob-LMS,14,2.8022435730448264E-5,8.523171282324876E-7,0.012140717839449144,3.13213886352452,1.712316362082E-7,2.401597444870455E-7,0.7129905828886174,-0.1469162062302069
IndSumNormal,4,Lat-Rv,16,-2.8073450500019647E-5,2.704041254256265E-6,23.394674207994026,1160.9476214288418,5.415422886491449E-7,5.172483158027078E-8,10.469677176400966,1.0199332907839858
IndSumNormal,4,Lat-Rpv,16,-3.2098783571349315E-5,4.058046810566223E-6,10.257579041681923,605.3387016096149,8.125585330837937E-7,8.392256680050542E-8,9.682241190445811,0.9859758969761194
IndSumNormal,4,Sob-LMS,16,1.1700187382613448E-6,1.516095597879277E-7,0.012778365099672243,3.0928888923357,3.0320248710237665E-8,4.200453577772189E-8,0.7218327294624867,-0.14156342997574015
IndSumNormal,8,Lat-Rv,10,-0.0015818164314570378,2.4759576421509266E-4,0.11744842639440164,5.20282800930752,5.2016344150561705E-5,5.309106011168423E-5,0.9797571199583939,-0.008881571792287607
IndSumNormal,8,Lat-Rpv,10,-0.0020511363592982937,2.7452853546785567E-4,0.11502394830347719,4.3704856647373,5.910737688729723E-5,7.02511426359527E-5,0.8413724627028004,-0.07501170611974292
IndSumNormal,8,Sob-LMS,10,8.720898185429438E-4,3.937396303106882E-5,0.07349066629099345,3.0244115887919008,8.634545778559408E-6,1.2075823340541414E-5,0.7150275004082896,-0.145677254638228
IndSumNormal,8,Lat-Rv,12,-3.713916267695664E-4,6.344355214403974E-5,0.08268959439060097,11.71991376394121,1.2825373298199613E-5,9.214295703507789E-6,1.3918994691387128,0.1436078692005733
IndSumNormal,8,Lat-Rpv,12,-6.392952915055958E-4,7.285482723894787E-5,0.45317246513378284,7.820842669232763,1.4978206820986016E-5,1.2965897762050358E-5,1.155200133138906,0.06265723027879176
IndSumNormal,8,Sob-LMS,12,5.3413060730442625E-5,8.058847308886156E-6,0.002089154993717963,3.0592191694966635,1.6144612398876478E-6,2.2798527813211747E-6,0.7081427595303182,-0.14987918097356617
IndSumNormal,8,Lat-Rv,14,-1.2521242755079987E-4,1.6586866124932392E-5,1.5599459853158155,32.29857220709699,3.332719639677144E-6,1.5623808287332213E-6,2.1331032603487037,0.32901187950670696
IndSumNormal,8,Lat-Rpv,14,-9.948195363061327E-5,1.855687105483017E-5,0.6948324595328541,24.215196198023822,3.7208997326431006E-6,2.4644409701968956E-6,1.5098352030504592,0.17892954708681458
IndSumNormal,8,Sob-LMS,14,4.958005291795211E-5,1.9260887170221776E-6,0.012028877066236362,3.0076188072102377,3.87637403277442E-7,5.726356904532606E-7,0.6769354578136997,-0.16945273700405553
IndSumNormal,8,Lat-Rv,16,-3.912691729689228E-5,3.914955057702906E-6,2.177293898977829,119.66260815955789,7.844436280965849E-7,2.667734671709715E-7,2.940485935184272,0.4684191064428794
IndSumNormal,8,Lat-Rpv,16,-4.010249859914705E-5,4.941365135186668E-6,1.1185577463887977,70.8844609618458,9.897824101285243E-7,4.0570303291754116E-7,2.439672198185654,0.38733147712445415
IndSumNormal,8,Sob-LMS,16,-3.916964190627238E-5,3.9712782190431725E-7,0.012780104175867795,3.047165674974197,8.095188267149097E-8,1.1417317288662022E-7,0.7090271788441959,-0.14933711686795714
IndSumNormal,16,Lat-Rv,10,-0.0014049609627070367,2.6638797980711954E-4,0.02410087435718522,3.3086567759613703,5.524618350855844E-5,7.242712922242042E-5,0.7627830082689032,-0.11759898984895348
IndSumNormal,16,Lat-Rpv,10,-0.0014483023778771613,3.1366858038602664E-4,9.656022806541027E-4,3.3001818031534005,6.482502248336224E-5,8.670043108062301E-5,0.7476897366644144,-0.1262785807557583
IndSumNormal,16,Sob-LMS,10,-0.00781267580645703,3.940329350928252E-5,0.010926920781822917,2.992949217277209,6.891777389278531E-5,7.213903334864609E-5,0.9553465120568982,-0.019839077652636185
IndSumNormal,16,Lat-Rv,12,-4.503467048945486E-4,6.994323682720627E-5,0.280603808409263,4.683171031905856,1.4190060655314087E-5,1.5688821217237973E-5,0.9044695237984398,-0.04360606215867573
IndSumNormal,16,Lat-Rpv,12,-7.563119874990927E-4,8.141706649597767E-5,0.09759789561561509,3.7515499989859813,1.6853792780300442E-5,2.0672002679417423E-5,0.8152955977062313,-0.08868490269872575
IndSumNormal,16,Sob-LMS,12,-5.017871345820488E-4,9.316185617795042E-6,0.0012048420953764112,3.011249411437651,2.1148411282787155E-6,2.8760633537309588E-6,0.7353249453059678,-0.13352070068816932
IndSumNormal,16,Lat-Rv,14,-1.616382088008054E-4,1.799193799141021E-5,0.3021900426061133,8.185085790517018,3.6241546700665464E-6,3.070674391221022E-6,1.1802471406372197,0.07197295694740902
IndSumNormal,16,Lat-Rpv,14,-1.561264135499277E-4,2.132499499316642E-5,0.09933426779839824,5.99731638025276,4.288947955741384E-6,4.111568217557601E-6,1.0431416259679993,0.01834327602079692
IndSumNormal,16,Sob-LMS,14,-4.1160913878926336E-5,2.376371478088705E-6,0.03374460006831863,2.920865278566671,4.769209890195275E-7,6.798714049457717E-7,0.701487054096014,-0.15398033944181372
IndSumNormal,16,Lat-Rv,16,-2.695040362502451E-5,4.33816075455551E-6,0.22605302712638234,22.9713416817,8.682717119515626E-7,5.327287464931451E-7,1.629857066409941,0.2121495197467373
IndSumNormal,16,Lat-Rpv,16,-3.117544014648622E-5,5.020584801770521E-6,0.35664258365300994,14.344310243091604,1.0049884567263961E-6,7.423191543499992E-7,1.3538495549214264,0.13157040652224405
IndSumNormal,16,Sob-LMS,16,7.795071942185596E-5,6.108724752534916E-7,0.003106296864265752,2.960613213571663,1.2823859225957816E-7,1.8121941333029567E-7,0.7076426852008777,-0.1501859782099094
IndSumNormal,32,Lat-Rv,10,-0.0017020312752070413,2.7769916043995495E-4,0.005139287627799133,3.054935739555007,5.8431188566565096E-5,8.202634323554585E-5,0.7123466225816601,-0.14730863045912823
IndSumNormal,32,Lat-Rpv,10,-0.002015347926570664,3.180251673577161E-4,0.13430934855345444,3.1493413936963743,6.766030023332873E-5,9.337277171487631E-5,0.7246255947069522,-0.13988633019151286
IndSumNormal,32,Sob-LMS,10,-0.01445164065020714,4.669879577030942E-5,0.05346077920086776,3.0769382759031503,2.1818874266086593E-4,2.2233088012357097E-4,0.9813694910018669,-0.008167447573253916
IndSumNormal,32,Lat-Rv,12,-4.5666994708206136E-4,7.188371747168837E-5,0.05732884907923033,3.188600659648759,1.4583853260556173E-5,1.9730711505378563E-5,0.7391448228605764,-0.13127046064831227
IndSumNormal,32,Lat-Rpv,12,-5.554411153229072E-4,8.943602959186596E-5,0.002598859908614363,3.2808472562084274,1.819393203037251E-5,2.488648145753878E-5,0.7310769126368839,-0.13603693087159857
IndSumNormal,32,Sob-LMS,12,-0.0023483203377070634,1.2559621888931505E-5,0.013853315052577215,2.8372303087926887,8.026281593837138E-6,9.274770978590336E-6,0.8653886562120853,-0.06278880196926177
IndSumNormal,32,Lat-Rv,14,-2.0457033770705414E-4,1.862196379726517E-5,0.12566232567721974,4.160906491788585,3.7658693432466662E-6,4.316047741165658E-6,0.8725272677891182,-0.059220991801101436
IndSumNormal,32,Lat-Rpv,14,-2.0923163144404046E-4,2.2518295094670356E-5,0.08207379766391244,3.9070525984451794,4.546986528628913E-6,5.617307514229249E-6,0.8094601403093747,-0.09180453204945234
IndSumNormal,32,Sob-LMS,14,-0.001227983423644547,2.3469381987398784E-6,0.007113767009262699,3.0523692096907395,1.9772839897297836E-6,2.181910711171387E-6,0.9062167299542029,-0.04276792443477942
IndSumNormal,32,Lat-Rv,16,-8.043245928907814E-5,4.7090367823018495E-6,0.23482926648929597,7.868736252474877,9.48182556232013E-7,7.89063596079475E-7,1.2016554317587749,0.07977995390750962
IndSumNormal,32,Lat-Rpv,16,-5.3604636299553314E-5,5.657360839818542E-6,0.17075922810381913,6.293159478197961,1.1342324777797195E-6,1.1102027304281285E-6,1.0216444678913053,0.00929978768088849
IndSumNormal,32,Sob-LMS,16,1.8254819256638654E-4,5.562357203529176E-7,0.018912572088776752,2.878112961368967,1.44559861965431E-7,1.9424215877172734E-7,0.7442249554861939,-0.1282957712289784
