model,s,method,k,mean,variance,skewness,ekurtosis,MSEAr,MSEMr,MSEratio
SmoothGauss,1,Lat-RS,8,1.4620416393034075E-6,1.2407605631496297E-6,-0.02055548604440874,-1.1833406638465618,1.1278727275605639E-7,2.818475303827235E-7,0.4001712294690021
SmoothGauss,1,Lat-RSB,8,-1.620609214711189E-7,1.1355202492700217E-9,-0.8350541945385406,-0.40582810340564324,1.0324505440091305E-10,2.8533787322663356E-10,0.3618343868390343
SmoothGauss,1,Lat-Rv,8,-0.0019799778710728804,1.783039169407969E-33,1.0359522982013922,-1.8996322964867005,3.920312369938296E-6,3.920312369937872E-6,1.0000000000001084
SmoothGauss,1,Lat-Rpv,8,-0.0027875577237901875,3.127777073766795E-7,-0.426541628534445,-0.97053465609936,7.798909557062872E-6,7.4727590913920685E-6,1.0436452536047225
SmoothGauss,1,Lat-RvRS,8,1.025280266496384E-6,1.2532381578440056E-6,-0.022658949171028144,-1.1962950461826742,1.1392039974764497E-7,2.826921955264884E-7,0.402983886893229
SmoothGauss,1,Lat-RvRSB,8,-6.713595668281944E-7,1.1423605111620117E-9,-0.8144748631352466,-0.4552853093009688,1.0429129413259861E-10,2.768769295162019E-10,0.3766702206457972
SmoothGauss,1,Lat-RpvRS,8,3.0323669603352133E-6,2.5918245331155246E-6,-0.027708405661706778,-0.9155789895571638,2.3560604530958332E-7,5.245803969417129E-7,0.44913238596630584
SmoothGauss,1,Lat-RpvRSB,8,5.621012234883705E-7,4.163139289871935E-9,-1.0055975987939216,0.8849753564682912,3.787453192348061E-10,7.293633852793209E-10,0.5192820573105129
SmoothGauss,1,Sob-RDS,8,1.9317294165638688E-5,1.2650268509762704E-6,-0.04635509263574669,-1.1962057605940817,1.153640986076248E-7,2.923077392535948E-7,0.39466658974615587
SmoothGauss,1,Sob-RDSB,8,-1.371955117846032E-7,1.122441790125694E-9,-0.8319203833679518,-0.4062572158202262,1.0204878133087943E-10,2.820069679427167E-10,0.36186616974516855
SmoothGauss,1,Sob-LMS,8,-1.1035941140211105E-4,1.0000191957898436E-8,-5.246925663435192,36.85323361065715,1.3088217133993365E-8,7.178842434787256E-9,1.8231653992808705
SmoothGauss,1,Sob-LMS-RDS,8,-7.857575347997183E-7,1.3460310467462944E-8,0.15872606699839478,29.50838941380374,1.2241596363958761E-9,3.031248865093018E-10,4.038466291873766
SmoothGauss,1,Sob-LMS-RDS-IRB,8,-1.8570599162280639E-6,1.2415795664291354E-8,-0.05103620043107407,-0.049682091037725584,1.1320444974165451E-9,1.7125925660990543E-9,0.6610121518833388
SmoothGauss,1,Sob-NUS,8,-4.296722097371944E-7,1.2688031751693059E-8,-0.026894458580945295,-0.1444855580971316,1.1535267044367195E-9,1.8289976873050303E-9,0.6306878966787565
SmoothGauss,1,Lat-RS,10,-1.7605915110479714E-6,7.922554808150273E-8,0.007346061817210862,-1.1885560323059148,7.2047020030773716E-9,1.8160081929466446E-8,0.396732901925242
SmoothGauss,1,Lat-RSB,10,1.876753409286752E-8,9.460481537005827E-12,-0.8270608692634658,-0.44959658620286813,8.603099920497566E-13,2.474981576038006E-12,0.34760258435012514
SmoothGauss,1,Lat-Rv,10,-4.906615495608214E-4,4.233216554619694E-34,2.220672993592534,9.563712307162232,2.407487562174264E-7,2.4074875621745244E-7,0.9999999999998919
SmoothGauss,1,Lat-Rpv,10,-6.793137043356105E-4,1.7998504597053413E-8,-0.4093739076482175,-0.9877510276288222,4.631031729660414E-7,4.4225092299533485E-7,1.0471502689682946
SmoothGauss,1,Lat-RvRS,10,-2.728969172672335E-6,7.904873002181848E-8,0.005337529181553082,-1.199420380171893,7.192976831728696E-9,1.8147612795103495E-8,0.39635939519656666
SmoothGauss,1,Lat-RvRSB,10,-4.931109746820597E-8,9.5575651138673E-12,-0.7922708773954724,-0.5135245829822481,8.712142531840565E-13,2.3875229085619643E-12,0.3649029921596857
SmoothGauss,1,Lat-RpvRS,10,3.3392731386219175E-6,1.5744597476598947E-7,-0.013449311989228128,-0.9001973170548272,1.4322989851322764E-8,3.24221692888576E-8,0.44176531569234295
SmoothGauss,1,Lat-RpvRSB,10,-1.1105296117237026E-7,3.4542178854714077E-11,-0.9030960533581708,0.5869913486808169,3.1522168180786614E-12,5.800802430742265E-12,0.5434104773803349
SmoothGauss,1,Sob-RDS,10,2.443592672452849E-6,7.910238678732594E-8,-0.01856316142731212,-1.2040507367116025,7.196378104116794E-9,1.823930404959041E-8,0.3945533275036554
SmoothGauss,1,Sob-RDSB,10,-5.2592525539731516E-8,9.607064973483302E-12,-0.775874738946555,-0.556046195121858,8.760481798322794E-13,2.4027788755974956E-12,0.36459791982082984
SmoothGauss,1,Sob-LMS,10,-1.0131456841107304E-5,1.8951601314937447E-10,-10.046944632299954,140.89073990597444,1.1987342331849813E-10,5.289702633271839E-11,2.2661656359377016
SmoothGauss,1,Sob-LMS-RDS,10,-9.208197415881143E-8,1.899739760853486E-10,-1.4294628790706048,103.62957548649672,1.7277113516123174E-11,2.342199686038429E-12,7.376447712426047
SmoothGauss,1,Sob-LMS-RDS-IRB,10,-6.802329448146598E-8,2.039722106473174E-10,-0.013504161645747291,-0.013410757160819742,1.854570111643326E-11,2.795640825117084E-11,0.6633792492158412
SmoothGauss,1,Sob-NUS,10,-2.4429667357635847E-7,2.0224950403374253E-10,0.004815714287078721,-0.04071121545419043,1.8444160781387668E-11,2.778231254005582E-11,0.6638814085326897
SmoothGauss,1,Lat-RS,12,-2.842121693593704E-7,4.858052732658499E-9,0.017763457086484236,-1.1707051065146563,4.416777699558695E-10,1.084585514968853E-9,0.40723185388341976
SmoothGauss,1,Lat-RSB,12,-4.000583349162897E-10,7.517260537631664E-14,-0.7902566355119378,-0.5354484146322669,6.833349875378519E-15,1.940356693927008E-14,0.35216977871984884
SmoothGauss,1,Lat-Rv,12,-1.2227586115500636E-4,1.7206966983704107E-34,5.8398530965263244,95.64091399973326,1.4951386221198393E-8,1.4951386221193373E-8,1.0000000000003357
SmoothGauss,1,Lat-Rpv,12,-1.701772718427864E-4,1.1767073425029258E-9,-0.4651309652779738,-0.9287134871496701,2.906726654928714E-8,2.760111708036904E-8,1.0531192076265956
SmoothGauss,1,Lat-RvRS,12,-2.931119845389184E-7,4.9427489477851166E-9,0.02069887546580034,-1.1925598206777508,4.4938179398914743E-10,1.1126900055986016E-9,0.4038697136920812
SmoothGauss,1,Lat-RvRSB,12,1.2744808823387884E-9,7.373488834813759E-14,-0.8062491716014323,-0.486777328062459,6.7041256523651544E-15,1.87075120192063E-14,0.3583654333875227
SmoothGauss,1,Lat-RpvRS,12,-7.792986581634794E-8,1.0145880369957234E-8,0.014655958669957527,-0.9056691779842581,9.222665986930987E-10,2.0866107976148586E-9,0.4419926321417073
SmoothGauss,1,Lat-RpvRSB,12,-3.822754197963546E-9,2.7896834154361565E-13,-0.9476433052803749,0.8037893434254593,2.5372835695972708E-14,4.6416384287426804E-14,0.5466353333093561
SmoothGauss,1,Sob-RDS,12,-1.2271195432533663E-6,4.950190201690554E-9,0.024542062529409832,-1.1891373447561993,4.5147811170710576E-10,1.1371305986042915E-9,0.3970327702563345
SmoothGauss,1,Sob-RDSB,12,1.826625041476469E-9,7.412799480316145E-14,-0.8258622629676606,-0.4633865504787966,6.741571286649526E-15,1.9241188971261175E-14,0.35037186614188975
SmoothGauss,1,Sob-LMS,12,-8.641066114814045E-7,2.584098161885749E-12,-16.73209119973797,413.8370680878624,9.815747589212895E-13,3.580577198713644E-13,2.7413869453057162
SmoothGauss,1,Sob-LMS-RDS,12,2.506536208664175E-9,3.4350339584775762E-12,2.822485533540441,455.14012939004925,3.12250869549377E-13,1.5530461210075445E-14,20.105704867721705
SmoothGauss,1,Sob-LMS-RDS-IRB,12,3.051192621751917E-8,3.209272075124651E-12,-0.008858642570438542,0.02253283177217469,2.9265380927033413E-13,4.3346533369523667E-13,0.6751492830476148
SmoothGauss,1,Sob-NUS,12,5.052613770206297E-9,3.2985327409685574E-12,-0.03082055917910295,-0.057501624544606056,2.9986215505995274E-13,4.496674513799167E-13,0.6668531470084191
SmoothGauss,1,Lat-RS,14,3.092495741184237E-7,3.050321594309497E-10,-0.013977925952579004,-1.1819676376918793,2.7823058591365752E-11,6.785857352391368E-11,0.4100153767830203
SmoothGauss,1,Lat-RSB,14,9.066649550451766E-11,5.515218316906435E-16,-0.7901098796602978,-0.5253211631037988,5.014155491408657E-17,1.3985708561987983E-16,0.3585199469290189
SmoothGauss,1,Lat-Rv,14,-3.053495733622969E-5,4.3922339833211174E-35,8.592096388906729,254.12109634750186,9.323836195253673E-10,9.323836195253406E-10,1.0000000000000286
SmoothGauss,1,Lat-Rpv,14,-4.249713549634187E-5,7.342798464815383E-11,-0.46432383700054075,-0.9425330538100423,1.8126811291989573E-9,1.719544249992879E-9,1.0541637001818733
SmoothGauss,1,Lat-RvRS,14,-9.961497372188812E-9,3.053842733507783E-10,0.0038106595504009645,-1.1867887522217493,2.7759529679015642E-11,6.851495699075567E-11,0.4051601416426647
SmoothGauss,1,Lat-RvRSB,14,-5.719343299224735E-10,5.686961371826432E-16,-0.7435733808704661,-0.6325655687593503,5.202158774764613E-17,1.438799638631272E-16,0.36156241877523815
SmoothGauss,1,Lat-RpvRS,14,9.626668671158972E-8,6.212411307161528E-10,-0.007827462167376788,-0.9016564715875304,5.648008605706872E-11,1.2824603130616143E-10,0.4404041628565796
SmoothGauss,1,Lat-RpvRSB,14,-3.2490866827975114E-10,2.1209458829429997E-15,-0.9177002871626989,0.7115739907509129,1.9289954640224197E-16,3.510244606104759E-16,0.5495330612196235
SmoothGauss,1,Sob-RDS,14,8.520978327528093E-8,3.106987746244168E-10,-0.010929172938715861,-1.1970616886906726,2.824977932052531E-11,6.832217752251177E-11,0.41347890750726096
SmoothGauss,1,Sob-RDSB,14,7.102745930023946E-10,5.372520609100862E-16,-0.8414222885576534,-0.41750065243788503,4.934070233419155E-17,1.459817166691901E-16,0.33799234219174695
SmoothGauss,1,Sob-LMS,14,-7.724812056415687E-8,3.958057923745744E-14,-24.43490344606659,928.8477594709691,9.565146783379398E-15,2.421294633302614E-15,3.9504266237655945
SmoothGauss,1,Sob-LMS-RDS,14,2.7417264881032497E-9,4.386909834006748E-14,18.49756812718268,902.5828934905453,3.9952181032477015E-15,1.1060079367707892E-16,36.1228701026553
SmoothGauss,1,Sob-LMS-RDS-IRB,14,2.34538890785483E-9,5.206986180166889E-14,-0.029304435065456255,-0.11049078723979822,4.73865128690079E-15,7.225850641883903E-15,0.6557914800277884
SmoothGauss,1,Sob-NUS,14,-1.4018473775556031E-9,5.160811901962289E-14,-0.0039325909228685165,-0.0614262790380522,4.6931431949536795E-15,7.266445837012235E-15,0.6458650212527246
SmoothGauss,1,Lat-RS,16,-2.9647269524119696E-8,1.907522342885339E-11,0.007113598812983816,-1.1847209590422008,1.734816770273009E-12,4.470513558989579E-12,0.3880576017456729
SmoothGauss,1,Lat-RSB,16,-1.3789375026697574E-11,3.9792108733056264E-18,-0.7668237420131061,-0.5824893441320795,3.6190041524710834E-19,1.005067231766462E-18,0.3600758275752838
SmoothGauss,1,Lat-Rv,16,-7.630838452641497E-6,5.223479811253451E-35,-41.89225690063016,3031.5617879390647,5.822969549031207E-11,5.822969549028083E-11,1.0000000000005365
SmoothGauss,1,Lat-Rpv,16,-1.0639490181842405E-5,4.6133167267471235E-12,-0.4485294131509007,-0.9598505389318448,1.1361810181998224E-10,1.0799097814644809E-10,1.0521073498001206
SmoothGauss,1,Lat-RvRS,16,-5.365576052955106E-9,1.9451512802580525E-11,-6.486935791377677E-4,-1.202170614285089,1.7681713031609496E-12,4.4537718451818266E-12,0.3970053618875404
SmoothGauss,1,Lat-RvRSB,16,-6.246543944265831E-11,4.086695691591591E-18,-0.7392380709797463,-0.6426745238713876,3.7538256949044E-19,9.981024225549883E-19,0.3760962412349611
SmoothGauss,1,Lat-RpvRS,16,6.236812345661248E-8,3.972151217245515E-11,-0.02598896685300311,-0.9353439525486325,3.614575239299673E-12,8.42556455059157E-12,0.4290009550809137
SmoothGauss,1,Lat-RpvRSB,16,2.848666991516848E-11,1.548100904774368E-17,-0.9201162211528193,0.7816406543112708,1.4080352128027565E-18,2.598541370192038E-18,0.541855992348007
SmoothGauss,1,Sob-RDS,16,-2.5583396485169946E-8,1.9699996889727327E-11,0.006408755919247284,-1.2152332847527396,1.7913842274519314E-12,4.609274285716859E-12,0.38864778193023625
SmoothGauss,1,Sob-RDSB,16,6.955417534443555E-12,3.9673747757241715E-18,-0.7831960106676543,-0.5628440348352775,3.606827449464057E-19,1.03552469718656E-18,0.3483091672524592
SmoothGauss,1,Sob-LMS,16,-6.936901507089296E-9,1.3128073223715983E-15,-45.561582556574805,2831.492096367081,1.6745478812263605E-16,1.5949746906253007E-17,10.498899393631529
SmoothGauss,1,Sob-LMS-RDS,16,2.0536615489460134E-10,3.3831144980911203E-16,3.1949985889561234,981.1141647107057,3.0794686045224476E-17,7.062923550902666E-19,43.60048048557571
SmoothGauss,1,Sob-LMS-RDS-IRB,16,-5.677253037074758E-10,8.036704050449115E-16,-0.022627373010375523,-0.02773756515103054,7.33759518390522E-17,1.1134550428171949E-16,0.6589933945909564
SmoothGauss,1,Sob-NUS,16,-2.418540756870802E-10,8.056901732918447E-16,-0.017855370389023423,0.00818475260461593,7.329573014615514E-17,1.108917143211539E-16,0.6609666970598282
SmoothGauss,2,Lat-RS,8,-4.131801566614639E-6,2.831891088974601E-6,-0.04491429242966847,-0.27388487444429765,2.5743597177197715E-7,4.0433747557178136E-7,0.6366859055246661
SmoothGauss,2,Lat-RSB,8,5.285397118169391E-6,1.814265892142754E-7,-0.24456326524438976,0.24061416803094016,1.6519612382274384E-8,2.3152784412256176E-8,0.7135043495472427
SmoothGauss,2,Lat-Rv,8,-0.0015626024014742947,8.04850140457251E-5,3.570214913084253,40.64410524505285,9.757814041849643E-6,4.761347067433596E-6,2.049380963759313
SmoothGauss,2,Lat-Rpv,8,-0.0020589542263728645,9.274883996802694E-5,3.1324071863978253,27.419021106680663,1.2670162059392328E-5,9.18272064184174E-6,1.3797830243969096
SmoothGauss,2,Lat-RvRS,8,1.5572094063200855E-5,2.5253396268769555E-5,2.340621681530341,68.11864327965307,2.2957762109446658E-6,7.567446177131629E-7,3.033752942812285
SmoothGauss,2,Lat-RvRSB,8,-8.804243415790411E-5,2.9106854629883784E-5,2.1523962666734855,90.1260963172909,2.653564556068885E-6,6.231259419077934E-8,42.58472288835544
SmoothGauss,2,Lat-RpvRS,8,2.6122134889078848E-5,2.771280531134881E-5,1.5091393652529848,39.444865941468564,2.51977636873277E-6,1.2514736685220507E-6,2.013447371776142
SmoothGauss,2,Lat-RpvRSB,8,4.177735381934373E-6,2.0251685970732233E-5,2.5947290667475267,106.0632876032555,1.8408957082124815E-6,1.0529995598296852E-7,17.482397699294694
SmoothGauss,2,Sob-RDS,8,-1.2475566459162752E-5,2.336598113225857E-6,-0.06928514871236177,-0.37182064068303466,2.1255240825070739E-7,3.5376941555794623E-7,0.6008218882219681
SmoothGauss,2,Sob-RDSB,8,-1.7052588937810895E-5,3.2280142915117817E-6,0.32803079606026864,-0.2966628514155949,2.937172898879029E-7,4.86070269752668E-7,0.604269193500269
SmoothGauss,2,Sob-LMS,8,0.001012606029914825,1.1048280328497818E-7,0.3411970467977008,1.0133525445731877,1.035413858638468E-6,1.0015737549067902E-6,1.033786931382629
SmoothGauss,2,Sob-LMS-RDS,8,3.963539336477446E-7,2.5111558775918453E-7,-0.11710929042569883,0.5654771474671443,2.2826564023750592E-8,3.040719253735941E-8,0.750696204383388
SmoothGauss,2,Sob-LMS-RDS-IRB,8,-1.1228548201416856E-6,2.575300806834455E-7,-0.13157249021000328,0.484687265783998,2.3410745137072313E-8,3.300361586347312E-8,0.7093387959039436
SmoothGauss,2,Sob-NUS,8,1.7039499845444043E-6,2.5652183871516645E-7,-0.09672456372298699,0.39090966777004077,2.332073858475846E-8,3.06104716678391E-8,0.7618549246093584
SmoothGauss,2,Lat-RS,10,-2.0467106028689393E-6,2.017461350966581E-7,-0.05556935318050826,-0.2917383331615149,1.8342912704578118E-8,2.917134288226986E-8,0.6287990504450454
SmoothGauss,2,Lat-RSB,10,2.700376847860437E-6,1.528789293230505E-8,-0.03362486145000489,0.11409125573528067,1.3969615026669897E-9,1.98424075300143E-9,0.7040282287085871
SmoothGauss,2,Lat-Rv,10,-3.0227848012911497E-4,2.3294021465017776E-5,8.80919385455727,165.0038286966908,2.208798830719284E-6,3.4651562916793623E-7,6.3743122814492335
SmoothGauss,2,Lat-Rpv,10,-4.7422737259383477E-4,2.6862810154472186E-5,7.046983076989302,118.08594107737366,2.666721043958773E-6,6.085728159907685E-7,4.3819259978237755
SmoothGauss,2,Lat-RvRS,10,4.00853706647641E-6,7.182430657004483E-6,8.63446218703232,367.13634173414755,6.528990150911209E-7,5.255380987444602E-8,12.423438313053477
SmoothGauss,2,Lat-RvRSB,10,7.397676609768522E-6,7.247373345555613E-6,10.098400111679597,456.605170157409,6.588409627302279E-7,4.8809984500200686E-9,134.9807768792713
SmoothGauss,2,Lat-RpvRS,10,-2.6579333443837853E-5,6.3106286526324155E-6,-1.3077608787488622,144.23424449957827,5.743426054906052E-7,9.422352574780228E-8,6.095532946070016
SmoothGauss,2,Lat-RpvRSB,10,5.654207101839911E-6,6.249112185598164E-6,11.307478664276697,545.1016009685782,5.680762677288237E-7,6.913263546951843E-9,82.17193860333832
SmoothGauss,2,Sob-RDS,10,-5.027939415179703E-6,1.4725857454217107E-7,-0.05693979077811097,-0.4101089695640172,1.3411084600646067E-8,2.2260943261960224E-8,0.6024490715792397
SmoothGauss,2,Sob-RDSB,10,5.328002847261393E-7,2.438619873178347E-7,0.6971555818395438,0.2777883766501059,2.216733852333458E-8,3.807734408889171E-8,0.5821660899348663
SmoothGauss,2,Sob-LMS,10,1.9250695280937586E-4,5.2961744612402605E-9,0.508373916668815,1.1827023261579432,3.754034913847801E-8,3.5582137532639584E-8,1.055033557330336
SmoothGauss,2,Sob-LMS-RDS,10,1.9894174463512948E-7,1.1457223060427052E-8,-0.13661810411534211,0.7444380351987019,1.0415011540105775E-9,1.3360505815641736E-9,0.7795372184122296
SmoothGauss,2,Sob-LMS-RDS-IRB,10,2.032129855574139E-7,1.0858883506783004E-8,-0.16745631374633063,0.5508639842687897,9.871138062840742E-10,1.2947801160011443E-9,0.7623794913785978
SmoothGauss,2,Sob-NUS,10,-7.200022380621871E-7,1.1037961740696567E-8,-0.19391160575064562,0.45179503174438373,1.0038691254521325E-9,1.3879655282144453E-9,0.7232666122072675
SmoothGauss,2,Lat-RS,12,2.7913380567218737E-7,1.265002292102406E-8,-0.03732222540363632,-0.2658340388345066,1.149964999202556E-9,1.8552656328487053E-9,0.6198384634748065
SmoothGauss,2,Lat-RSB,12,4.093056300604172E-7,6.219533480202719E-10,0.2771911534974233,0.8761004327504831,5.670309043384187E-11,7.284981774620443E-11,0.7783559683208153
SmoothGauss,2,Lat-Rv,12,-4.249393713278229E-5,8.273028590429363E-6,16.93869019573895,530.023911920156,7.538240335630739E-7,2.130418929224665E-8,35.38384039036947
SmoothGauss,2,Lat-Rpv,12,-1.203777073595205E-4,5.980094639510029E-6,11.451840716321817,449.5011567645058,5.580813951605961E-7,4.085160135926658E-8,13.66118772805472
SmoothGauss,2,Lat-RvRS,12,-8.114851739382915E-6,1.6489118083780863E-6,17.817240577179984,1922.704994171327,1.499519342003202E-7,3.791664270344671E-9,39.5477878601022
SmoothGauss,2,Lat-RvRSB,12,-4.894861628666004E-6,1.6326379192075236E-6,7.484904669529949,1513.520242849451,1.4843074652632766E-7,2.9163220722976905E-10,508.9655492316153
SmoothGauss,2,Lat-RpvRS,12,-1.6105682780972463E-5,1.1098939189210794E-6,-7.84882757372402,473.3747825240598,1.0114875024776743E-7,6.845863471892053E-9,14.775163230039123
SmoothGauss,2,Lat-RpvRSB,12,-1.982270037865329E-5,1.0903391927333286E-6,-31.425331402943907,1385.7833727712818,9.950477206976142E-8,3.776108672926047E-10,263.51140999513854
SmoothGauss,2,Sob-RDS,12,-1.3100880103436443E-6,9.287256381508508E-9,-0.05845278282603333,-0.5045160087510858,8.459279356739696E-10,1.4007907297938712E-9,0.6038931566876156
SmoothGauss,2,Sob-RDSB,12,-1.0258654820212158E-6,4.629182979724624E-9,0.06342732591036376,-0.4390534495409395,4.218451328441709E-10,7.130091071687204E-10,0.5916405956149297
SmoothGauss,2,Sob-LMS,12,3.2955760639126316E-5,2.7457772835239034E-10,0.7064473847385786,1.3592797459881902,1.1110412748106196E-9,1.023344674197326E-9,1.0856960541491845
SmoothGauss,2,Sob-LMS-RDS,12,-3.152417433811904E-8,5.002631567227952E-10,-0.22798852388815702,0.9879071246402171,4.547491471966979E-11,5.862247847664496E-11,0.775724873826119
SmoothGauss,2,Sob-LMS-RDS-IRB,12,-5.07856129510942E-9,4.954450116425279E-10,-0.20357144258827362,1.046522354964874,4.503597735009061E-11,5.751466161682034E-11,0.7830347268690128
SmoothGauss,2,Sob-NUS,12,-1.6608442145364246E-7,5.090816163248695E-10,-0.18581431871076637,0.9049257506282213,4.630310295898023E-11,5.888289982535822E-11,0.7863590804174281
SmoothGauss,2,Lat-RS,14,-1.7885250118124576E-7,7.773806396247273E-10,-0.07027980683445008,-0.26898935831157056,7.06958883590665E-11,1.1137265591726231E-10,0.6347688108613107
SmoothGauss,2,Lat-RSB,14,-4.3666557739877255E-8,1.9792193028880452E-11,0.48191190067138023,2.6841620953249485,1.801017114590083E-12,1.7690090714213982E-12,1.0180937699448689
SmoothGauss,2,Lat-Rv,14,-1.3753259560799127E-5,1.0111439931866562E-6,54.21112590986961,4287.200405587168,9.210214112921375E-8,1.509798027968184E-9,61.002954980117785
SmoothGauss,2,Lat-Rpv,14,-1.2892961751259679E-5,1.9416415842163367E-6,41.72254667092719,2366.1445535406383,1.7666144846798447E-7,2.7768056226641775E-9,63.620387046929295
SmoothGauss,2,Lat-RvRS,14,1.0018811806241221E-5,1.888714364090592E-7,23.36926714844478,948.1886390745841,1.726879015959236E-8,2.689565756930206E-10,64.20661073296257
SmoothGauss,2,Lat-RvRSB,14,-5.09286153542062E-6,2.2639295663454624E-7,-75.76568604300209,6736.80430122147,2.060505699669922E-8,1.631282215792459E-11,1263.1203109567102
SmoothGauss,2,Lat-RpvRS,14,1.879543800004629E-6,6.507602435054704E-7,25.806891080433992,2012.4359175603763,5.91576388195434E-8,4.961507304646723E-10,119.23319908072904
SmoothGauss,2,Lat-RpvRSB,14,-1.6911429491280494E-6,8.628574513495179E-8,-46.580881749081364,4012.8148853053326,7.846234197241503E-9,1.8635417346993417E-11,421.0388236090345
SmoothGauss,2,Sob-RDS,14,8.198629392387704E-8,6.079972202322328E-10,-0.04410163387670143,-0.5289595461311141,5.5273669071501336E-11,9.174599881838583E-11,0.602464083266643
SmoothGauss,2,Sob-RDSB,14,-1.803521315014646E-8,2.4677640414430806E-11,0.34517010412251947,1.9615775903410864,2.2435227825851312E-12,2.778794164663216E-12,0.8073727846110694
SmoothGauss,2,Sob-LMS,14,5.280147656811153E-6,1.4653884630696332E-11,0.6539701282256776,1.1850639888088246,2.921199739065861E-11,2.6493680630872748E-11,1.1026024582110439
SmoothGauss,2,Sob-LMS-RDS,14,-3.292423291421106E-8,2.2758011140457203E-11,-0.24500701799695185,0.9989292829486702,2.069787217780549E-12,2.541370942950609E-12,0.8144372719464019
SmoothGauss,2,Sob-LMS-RDS-IRB,14,-6.711042111519411E-8,2.345051887455065E-11,-0.19132426956462062,0.9895252910961214,2.136155974318913E-12,2.5544288011676294E-12,0.8362558288344056
SmoothGauss,2,Sob-NUS,14,-1.0092401441069416E-8,2.3101766696413912E-11,-0.17905723737945184,0.5315777966857271,2.1000524492708725E-12,2.7885209662145475E-12,0.7531062074536669
SmoothGauss,2,Lat-RS,16,1.1339421158437491E-7,6.978197207168973E-11,0.07705922647386607,-0.2574922806315221,6.356039508537439E-12,1.0327343922831585E-11,0.6154573292059706
SmoothGauss,2,Lat-RSB,16,-6.305438339467566E-9,1.8080429560227882E-12,0.551353974850457,0.8900641099504516,1.6439086325512425E-13,2.5155805996503815E-13,0.6534907419701499
SmoothGauss,2,Lat-Rv,16,-6.14835142546282E-6,7.586222223488621E-8,-9.412973290053134,935.1705226727819,6.933678226402147E-9,1.0434580012615344E-10,66.4490398082086
SmoothGauss,2,Lat-Rpv,16,-1.0222306601818866E-5,4.112918694735879E-8,16.822316586821895,1062.130741803013,3.843138645776503E-9,1.844720669210581E-10,20.83317387787016
SmoothGauss,2,Lat-RvRS,16,2.8197261041061884E-6,2.8707871734117255E-8,48.6407416537311,3049.3300118387306,2.617496395933436E-9,1.8069868294982494E-11,144.85420442495658
SmoothGauss,2,Lat-RvRSB,16,-2.213797119869308E-6,6.1190655670373624E-9,-33.877001260613476,1500.2297777799204,5.611239577316378E-10,8.311723107936583E-13,675.0994353936544
SmoothGauss,2,Lat-RpvRS,16,1.174807910735241E-6,8.444540889483964E-8,45.793535924077204,3790.772177883208,7.67746784216805E-9,3.308546191978316E-11,232.04958905462266
SmoothGauss,2,Lat-RpvRSB,16,3.2273908165758364E-7,5.569300320277272E-9,6.587110420690068,846.0559347276567,5.063535596280333E-10,1.1614151555529094E-12,435.97981067069503
SmoothGauss,2,Sob-RDS,16,-1.2326958060341696E-7,3.7737187161099035E-11,0.01820309851225608,-0.5150962152443124,3.4455057024460444E-12,5.711335611271759E-12,0.6032749494962395
SmoothGauss,2,Sob-RDSB,16,-5.119733367432566E-8,2.1345536034291426E-11,0.6380137574913984,1.6545711159693788,1.9429303924924505E-12,2.6074102775640437E-12,0.7451571427829228
SmoothGauss,2,Sob-LMS,16,8.490166859680147E-7,7.366917830515897E-13,0.5267278472799344,1.265271136621867,7.877946161314999E-13,7.173109788530399E-13,1.0982609207949965
SmoothGauss,2,Sob-LMS-RDS,16,6.580226770683676E-9,1.1001662543618536E-12,-0.18736927051832797,1.1230148275782188,1.0004841190584611E-13,1.251924384819128E-13,0.799156986787989
SmoothGauss,2,Sob-LMS-RDS-IRB,16,-1.487779572063895E-8,1.1437288170206518E-12,-0.17505381812823292,1.135140634685988,1.0418629827268231E-13,1.2158138828860372E-13,0.8569263744987857
SmoothGauss,2,Sob-NUS,16,-1.0761345171763002E-9,1.1609730130957275E-12,-0.21475432426942004,1.1257709949583043,1.0553360495590069E-13,1.2973979389889745E-13,0.8134251009997753
SmoothGauss,4,Lat-RS,8,3.5253821914069434E-5,6.876968361215296E-6,-0.039001332205170075,-0.03462277110161471,6.263592559940193E-7,9.553426808274527E-7,0.6556383050441226
SmoothGauss,4,Lat-RSB,8,-7.095800748865454E-6,2.0530768029308996E-6,-0.02041005558149505,-0.39183016097667656,1.8667503177468636E-7,3.1767272546801985E-7,0.5876331734166425
SmoothGauss,4,Lat-Rv,8,-0.001328503145020911,1.239284283040535E-4,0.6107816970078965,2.7163899787258927,1.3030014739168916E-5,1.2033851365170072E-5,1.0827800962277188
SmoothGauss,4,Lat-Rpv,8,-0.0017317212786803497,1.3603944106275136E-4,0.28322665142611386,1.6177382607709871,1.5364843779638405E-5,1.7226118549303946E-5,0.8919504260731591
SmoothGauss,4,Lat-RvRS,8,1.7638441767498547E-6,2.911665250418871E-5,0.3437800289044329,4.805089949630425,2.6467068237770336E-6,2.5052434901440068E-6,1.0564668999997662
SmoothGauss,4,Lat-RvRSB,8,8.78372757738371E-5,4.2502814097207474E-5,0.7662380594690239,9.46359281806445,3.871221188451528E-6,1.3384432659402168E-6,2.892331178290258
SmoothGauss,4,Lat-RpvRS,8,-1.9033206447278786E-5,3.732411919522215E-5,0.2308670780652266,2.475578649894506,3.393124697793358E-6,3.6716737620009045E-6,0.9241356715592974
SmoothGauss,4,Lat-RpvRSB,8,4.699190688655984E-5,3.3073804662246536E-5,0.5392646987677224,12.338002063517223,3.0086170831110453E-6,1.1543712980906287E-6,2.606281954590698
SmoothGauss,4,Sob-RDS,8,-2.6587407270324465E-5,3.5339274801535166E-6,-0.07636937266968633,-0.06241635899038345,3.219408981713128E-7,4.841135319754081E-7,0.6650111531847589
SmoothGauss,4,Sob-RDSB,8,3.6555484819829185E-5,3.442416158081309E-6,0.15181671555554854,-0.1519742070063197,3.1425193224000373E-7,4.906711522663547E-7,0.6404532461069079
SmoothGauss,4,Sob-LMS,8,0.0026931456514277343,6.378153121674594E-7,-0.10989994304913267,0.04807310744904836,7.311010911680138E-6,7.408605714230745E-6,0.9868268326976636
SmoothGauss,4,Sob-LMS-RDS,8,-1.464150611395359E-5,1.3969804889095887E-6,0.01728502922739334,0.006137749696356831,1.2719990014316658E-7,1.881943926423644E-7,0.6758963344082795
SmoothGauss,4,Sob-LMS-RDS-IRB,8,-1.739349120494377E-5,1.369078119855158E-6,0.009123370406952467,0.030530882653891922,1.2475173463113033E-7,1.8332165406534758E-7,0.6805073588669499
SmoothGauss,4,Sob-NUS,8,6.901864119920403E-7,1.3233933363098263E-6,0.001793010810888837,-0.07024458634066066,1.2029693062784652E-7,1.781268427516901E-7,0.6753442028697559
SmoothGauss,4,Lat-RS,10,-2.93223353129131E-5,8.974212993746485E-7,0.0916307434979053,0.011746302721219681,8.243539546135845E-8,1.282193541557234E-7,0.6429247441165553
SmoothGauss,4,Lat-RSB,10,-1.8474730051955036E-6,2.3489535884442685E-7,-0.116482787082996,-0.38844847978310026,2.1355401275463327E-8,3.6131405818111683E-8,0.5910481696441064
SmoothGauss,4,Lat-Rv,10,-1.669873956272922E-4,3.418122623449891E-5,0.9279406191323178,12.076066235686387,3.134958255014337E-6,1.3414374958865406E-6,2.3370140350389406
SmoothGauss,4,Lat-Rpv,10,-4.401242613011302E-4,3.7885237206448874E-5,0.5881964945265283,7.1104509616843945,3.637477427452068E-6,2.258006776063823E-6,1.6109240530238578
SmoothGauss,4,Lat-RvRS,10,5.447573430701979E-6,6.3104479078757855E-6,0.2750760147785923,22.907909461453063,5.736493908821918E-7,3.1868668341861204E-7,1.8000419243394385
SmoothGauss,4,Lat-RvRSB,10,-3.6107339935128405E-5,1.0588246179144382E-5,0.7933750389995405,40.570778922700065,9.637753176814153E-7,1.1267889442631351E-7,8.553290503854537
SmoothGauss,4,Lat-RpvRS,10,1.425755145498689E-5,8.006518266657166E-6,0.6944020220667518,13.292948924853622,7.27995788212628E-7,4.920774641145441E-7,1.4794333032962623
SmoothGauss,4,Lat-RpvRSB,10,-7.295871468201534E-6,8.662602620646048E-6,1.7505388197444607,53.783162814071574,7.874838079572062E-7,1.0970716351001629E-7,7.178052761206508
SmoothGauss,4,Sob-RDS,10,7.0768366872439475E-6,2.72724182304438E-7,-0.07157262431331515,-0.12678813187432514,2.4840709788971334E-8,3.906028116373748E-8,0.6359582944331897
SmoothGauss,4,Sob-RDSB,10,-1.1294794059774047E-5,6.949602582268038E-7,-0.053879394030943335,-0.5972440842142483,6.329945984566917E-8,1.1475033166264117E-7,0.551627685327879
SmoothGauss,4,Sob-LMS,10,2.5799986067044346E-4,7.783924557806586E-8,0.16343933727681198,0.01561339641195092,7.363951552901443E-8,7.359414487956254E-8,1.0006164980859027
SmoothGauss,4,Sob-LMS-RDS,10,-5.217585665830742E-6,1.2205113707002861E-7,0.04285491048635248,-0.024015983099160643,1.1121671559845883E-8,1.6728591683251678E-8,0.6648301166308382
SmoothGauss,4,Sob-LMS-RDS-IRB,10,-8.489413022559224E-7,1.213478711163751E-7,0.02335387874165987,-0.003366700729774852,1.1031242185813172E-8,1.728874568557652E-8,0.6380591389586003
SmoothGauss,4,Sob-NUS,10,9.576091698433296E-7,1.2110215211252083E-7,-0.004106728805990821,-0.002951269191088901,1.1009102642350313E-8,1.6768376057554184E-8,0.6565395840696626
SmoothGauss,4,Lat-RS,12,-6.436805552261288E-6,7.809349676506734E-8,0.03278872574934063,-0.02827924924663172,7.140131321662243E-9,1.0965848313720614E-8,0.6511243925131097
SmoothGauss,4,Lat-RSB,12,-2.596177732719381E-6,5.104885961562829E-8,0.038999339072982635,-1.0693787867860733,4.6470814778804796E-9,1.1652863863008099E-8,0.39879308061193386
SmoothGauss,4,Lat-Rv,12,-4.244746094390599E-6,9.562031339421795E-6,3.291802843648898,56.07323117653073,8.692066666228471E-7,1.508698201185994E-7,5.761302465526638
SmoothGauss,4,Lat-Rpv,12,-3.715593766201683E-5,1.0371231637939921E-5,2.1121494532091165,34.52119058516351,9.441255195922826E-7,2.5044547084925705E-7,3.7697847614922577
SmoothGauss,4,Lat-RvRS,12,1.2417521962043264E-5,1.7844465912854913E-6,3.247420390941981,113.582338132646,1.6236038999952896E-7,4.1389760335355145E-8,3.922718775949052
SmoothGauss,4,Lat-RvRSB,12,7.70543353094553E-6,3.0310943664263877E-6,3.6382988680944206,155.18795893820084,2.7558585161405847E-7,9.278778634191961E-9,29.700660235446794
SmoothGauss,4,Lat-RpvRS,12,-1.0313586967031183E-6,1.914532174217565E-6,0.7728608405642619,56.35086312936549,1.7403203833713792E-7,6.818655332337572E-8,2.552292642095993
SmoothGauss,4,Lat-RpvRSB,12,8.357147112463174E-6,2.843812024902848E-6,2.8470831163074797,172.99912079693075,2.5857235497152824E-7,9.671527945409968E-9,26.735419308201934
SmoothGauss,4,Sob-RDS,12,-8.569437221115066E-7,1.7886654764302398E-8,-0.09708426706222965,-0.13892541586757678,1.6266312706179544E-9,2.561016917688572E-9,0.6351505370320081
SmoothGauss,4,Sob-RDSB,12,9.146169098622757E-6,3.424895940800479E-7,-0.2656139507674739,-0.7978687973578826,3.121595651105696E-8,6.676756720087553E-8,0.46753173463908415
SmoothGauss,4,Sob-LMS,12,-4.8592814773156785E-5,4.86164777183946E-9,0.11914499992292481,0.20203470706053794,2.803185430038531E-9,3.115091776299243E-9,0.899872501788291
SmoothGauss,4,Sob-LMS-RDS,12,5.672118967045685E-7,7.082312661605463E-9,0.01967354558950134,0.0869158808962589,6.441039502756998E-10,9.603234470805877E-10,0.6707156346476755
SmoothGauss,4,Sob-LMS-RDS-IRB,12,3.361781885097489E-7,7.241900189371604E-9,0.025761261329686907,-0.023140466107249846,6.584017429883085E-10,9.876092969071093E-10,0.666662155824395
SmoothGauss,4,Sob-NUS,12,-5.388926245681614E-8,7.254296169603965E-9,-0.020700796947754257,-0.04366735172050795,6.594184258696085E-10,1.0387357174606153E-9,0.6348279112628193
SmoothGauss,4,Lat-RS,14,-2.019783919193557E-7,8.572776477780681E-9,0.022929163433655617,-0.06587409301658242,7.793061771010663E-10,1.2141734389331316E-9,0.641840903541611
SmoothGauss,4,Lat-RSB,14,2.057033101343587E-8,3.351895769121314E-9,0.030856358967439417,-0.7901714464298526,3.046877485516455E-10,6.455829784839574E-10,0.4719575309546624
SmoothGauss,4,Lat-Rv,14,3.833759803012938E-6,1.9530811212087208E-6,7.011501922764913,242.92658824877572,1.7754977163209994E-7,1.7192108087095108E-8,10.327399684357145
SmoothGauss,4,Lat-Rpv,14,-3.594934879592836E-6,2.5661840111979205E-6,3.3904026399322524,115.92387519550188,2.3327905017467948E-7,2.986014987240044E-8,7.8123871169949455
SmoothGauss,4,Lat-RvRS,14,3.6918822230537194E-6,4.5735903846183187E-7,-1.1950284629409944,423.02215790856155,4.1587566590529416E-8,4.982144755075766E-9,8.347322013909846
SmoothGauss,4,Lat-RvRSB,14,-8.763346642534987E-7,5.890289473976242E-7,1.3075916539019317,601.23444504872,5.3543499280887814E-8,6.781290939234172E-10,78.95767894443799
SmoothGauss,4,Lat-RpvRS,14,-1.2679898405105186E-8,4.4686817938768586E-7,0.743723107344678,138.4363653419736,4.0620317667120463E-8,8.155863052367845E-9,4.980505117153408
SmoothGauss,4,Lat-RpvRSB,14,-8.070911037780244E-6,5.123384039957479E-7,-9.535998723641775,808.1382145658797,4.6636700528193255E-8,7.323076176104674E-10,63.68457654499024
SmoothGauss,4,Sob-RDS,14,-7.484280249080477E-7,1.1189575220023846E-9,-0.08371617656597401,-0.16208672094918386,1.0227338325848453E-10,1.6124290988663876E-10,0.6342814287486342
SmoothGauss,4,Sob-RDSB,14,3.7368070497595116E-7,8.641422911794994E-9,-0.04078302746260869,-0.3765584210133177,7.856449799514363E-10,1.2925912145887152E-9,0.6078062198507342
SmoothGauss,4,Sob-LMS,14,-2.3271171970324782E-5,2.842169433900269E-10,-0.051251526037308016,0.09966395803066419,5.673827650265832E-10,5.81061785581731E-10,0.9764585782535103
SmoothGauss,4,Sob-LMS-RDS,14,-1.4017238686884274E-7,3.954590822052127E-10,-0.026099960008027407,0.002594504806464837,3.596687887049434E-11,5.304568480579296E-11,0.6780359043751379
SmoothGauss,4,Sob-LMS-RDS-IRB,14,-1.495334451089838E-8,4.04119585373056E-10,-0.0015834994474478283,0.010966083692701023,3.673469391292285E-11,5.5035998620827576E-11,0.6674666551616116
SmoothGauss,4,Sob-NUS,14,3.362718050271944E-7,4.0089624332881315E-10,-0.0012403311611373367,-0.08812565306573283,3.655454724544536E-11,5.646250271422364E-11,0.6474128047504489
SmoothGauss,4,Lat-RS,16,2.571112696653383E-7,1.5065928901181002E-9,0.035368148721201594,-0.14637476810528893,1.3701539991672425E-10,2.1046002109125316E-10,0.651028158252041
SmoothGauss,4,Lat-RSB,16,6.445360899138148E-8,2.1058923711703384E-10,-0.06478040973771407,-0.5659268202555978,1.914671592165039E-11,3.329949449794636E-11,0.5749851825177467
SmoothGauss,4,Lat-Rv,16,1.4169777336475693E-5,5.870808077636639E-7,25.909064457627842,1032.6921421913198,5.3566428015482355E-8,1.7042359132376117E-9,31.431345624984434
SmoothGauss,4,Lat-Rpv,16,-4.551174975777743E-6,5.532169581276531E-7,11.449851953226098,509.66967688925047,5.0308134687463804E-8,3.1243479467448342E-9,16.10196288792942
SmoothGauss,4,Lat-RvRS,16,-1.4335727073702516E-6,9.560363245316455E-8,-22.794583365684552,1617.6912373383184,8.692425320699974E-9,6.005208806441305E-10,14.474809454379518
SmoothGauss,4,Lat-RvRSB,16,-8.318198409422651E-7,7.499996307705162E-8,41.98750939251033,3286.5601805653496,6.818188567951778E-9,5.489197991895957E-11,124.21101548929174
SmoothGauss,4,Lat-RpvRS,16,7.986361810669787E-7,1.3276600864080424E-7,-1.4604096866912082,473.10771434755736,1.2069068005198814E-8,1.0194252203604368E-9,11.83909105263412
SmoothGauss,4,Lat-RpvRSB,16,3.2751841651443603E-6,7.025148371089658E-8,29.893829288728067,1833.9993585340776,6.3965867006361126E-9,6.07335456135285E-11,105.32213517287656
SmoothGauss,4,Sob-RDS,16,5.941214672623629E-9,7.473553268083213E-11,-0.04032034652707341,-0.20444107821756496,6.793495218719427E-12,1.0703511965830323E-11,0.6346977740022943
SmoothGauss,4,Sob-RDSB,16,1.8494587224897243E-9,2.7253039871895155E-10,-0.06146731991422287,-0.34462633386263564,2.477301666405026E-11,4.078558200474614E-11,0.6073964240884799
SmoothGauss,4,Sob-LMS,16,-4.542964566829995E-6,2.176744517137813E-11,-0.03238557732645007,0.1322545974533207,2.2617187821551115E-11,2.3382966669670064E-11,0.9672505692311388
SmoothGauss,4,Sob-LMS-RDS,16,6.518006779369053E-9,2.6700752858255055E-11,0.013380447979576045,0.08320211398993349,2.4271409192277602E-12,3.468478989666109E-12,0.6997709735186857
SmoothGauss,4,Sob-LMS-RDS-IRB,16,-1.131653085418588E-8,2.6560511909370452E-11,-0.006886736816020859,0.07358741721562856,2.414478596432348E-12,3.8091389119675754E-12,0.6338646744665899
SmoothGauss,4,Sob-NUS,16,6.918580660453418E-8,2.7509744478035687E-11,0.01904393644420924,-0.05751731429260554,2.5054224488889642E-12,3.84254498142399E-12,0.6520216317573183
SmoothGauss,8,Lat-RS,8,3.605335666755679E-5,1.3079708697567707E-5,0.019838632248167617,0.005041778733445135,1.1902453651359026E-6,1.746110971515282E-6,0.6816550520285678
SmoothGauss,8,Lat-RSB,8,-2.767493598226667E-5,6.772613955495472E-6,-6.905034333693632E-4,-0.08489128670631807,6.16396510636161E-7,9.408202184896203E-7,0.6551692858235076
SmoothGauss,8,Lat-Rv,8,-9.835179671719679E-4,1.4377067177759242E-4,-0.02285473427683357,0.31776270065581125,1.4036061656333233E-5,1.9511860476275543E-5,0.7193604973446622
SmoothGauss,8,Lat-Rpv,8,-0.0019084787855456454,1.6258488996164782E-4,-0.12493291391075967,0.23497982945494833,1.842125777239157E-5,2.3705203021369424E-5,0.7770976589310558
SmoothGauss,8,Lat-RvRS,8,1.3460613428381248E-5,3.293708677063545E-5,0.06686731750077436,0.7948554205498368,2.994162375564631E-6,3.979178654292115E-6,0.7524573877413112
SmoothGauss,8,Lat-RvRSB,8,-1.8945537783167583E-4,4.682476968801156E-5,0.017914973062403357,1.6010416676658474,4.2922649048295935E-6,3.488506185800318E-6,1.2304019761526899
SmoothGauss,8,Lat-RpvRS,8,8.57183941760495E-5,4.130932568413769E-5,0.012140751064016308,0.5697531998533201,3.762365347788237E-6,5.122758738014796E-6,0.7344412532779657
SmoothGauss,8,Lat-RpvRSB,8,2.5089094885513617E-5,3.612570709091265E-5,-0.024953301137954735,2.5276376491368424,3.2844562372461342E-6,2.4665334413270365E-6,1.3316082329210348
SmoothGauss,8,Sob-RDS,8,-2.8200413703768926E-5,6.321740723916433E-6,-0.008459226280780944,-0.09664156931989387,5.754414951370675E-7,9.141642716348785E-7,0.6294727468488306
SmoothGauss,8,Sob-RDSB,8,-3.6161024276464805E-6,1.0570566246152849E-5,0.025329514115144332,-0.08363761712037165,9.608775479720613E-7,1.44224070068351E-6,0.6662393784315476
SmoothGauss,8,Sob-LMS,8,0.008896001567525682,1.5258817414662963E-6,-0.051164209304776206,0.12927509368636514,7.927754653971868E-5,7.94950984497128E-5,0.9972633292588254
SmoothGauss,8,Sob-LMS-RDS,8,1.4859366123820271E-5,4.226735750111212E-6,0.08575787297503921,-0.06275155923871623,3.8443108044671094E-7,5.728699722181516E-7,0.6710616703441349
SmoothGauss,8,Sob-LMS-RDS-IRB,8,-2.1943004059946135E-5,4.1445441736188295E-6,0.126647231012828,-0.059029861200907696,3.772205608091264E-7,5.996471339857271E-7,0.629070897582419
SmoothGauss,8,Sob-NUS,8,-1.6430984700061047E-5,4.285628342256118E-6,0.08427618362803241,-0.054768368420862856,3.8983359356929476E-7,6.305016603526846E-7,0.6182911451037781
SmoothGauss,8,Lat-RS,10,-4.2994472581860194E-6,1.8227942521105016E-6,0.01303770521490252,-0.020184838990116916,1.6571048276357055E-7,2.399469665613752E-7,0.6906129514297654
SmoothGauss,8,Lat-RSB,10,-1.9032241997754964E-6,8.622233644951528E-7,0.036408739583628565,0.10673040007854828,7.8379726094964E-8,1.1392739293327664E-7,0.6879796340189082
SmoothGauss,8,Lat-Rv,10,-7.098530487848136E-5,4.213749227158543E-5,0.22775805306683466,1.8186466665046748,3.835336960995807E-6,3.660147014626214E-6,1.0478641829602804
SmoothGauss,8,Lat-Rpv,10,-2.514857803133039E-4,4.6174548768774836E-5,0.10204483426594438,1.0266570564916915,4.2605115807814245E-6,4.751188601152714E-6,0.8967254172456459
SmoothGauss,8,Lat-RvRS,10,-1.4722941220995483E-5,7.769306699692732E-6,0.05283906431777946,3.9349552368202625,7.064467440002663E-7,7.042994524614797E-7,1.003048833179242
SmoothGauss,8,Lat-RvRSB,10,3.5002648661413836E-5,1.2622445781942649E-5,0.1520917638461035,8.239349579253073,1.1486055069919012E-6,4.7238454716802246E-7,2.4315052511303965
SmoothGauss,8,Lat-RpvRS,10,1.561371945182484E-5,9.395205886064644E-6,0.18650971034780453,2.4342201318764314,8.542680032783964E-7,9.477306241227984E-7,0.901382715229964
SmoothGauss,8,Lat-RpvRSB,10,-5.114533302018383E-5,8.615926304234151E-6,0.024009313416414227,11.442641552641206,7.858035461446298E-7,3.659603770001721E-7,2.1472366833425256
SmoothGauss,8,Sob-RDS,10,3.7037132868922873E-6,5.535318133917115E-7,-0.02843638087257171,-0.06335159120391198,5.032975932941808E-8,7.678881569463452E-8,0.6554308576598452
SmoothGauss,8,Sob-RDSB,10,-1.90366515249182E-5,1.578950239509512E-6,0.06621025752697464,-0.04936752686797119,1.4388897087269582E-7,2.1530932510659007E-7,0.6682895448279483
SmoothGauss,8,Sob-LMS,10,0.0011024470612818944,4.311536164231839E-7,0.0079529268098759,-0.28210628437890994,1.2545813866619523E-6,1.2741792419248255E-6,0.9846192320373482
SmoothGauss,8,Sob-LMS-RDS,10,2.577049917445811E-7,6.771023882640831E-7,0.04607335312261089,-0.004028947304706154,6.154867350506793E-8,9.241476211616469E-8,0.6660047820899186
SmoothGauss,8,Sob-LMS-RDS-IRB,10,-2.7559490466096985E-6,6.851739579582475E-7,0.026631033910627155,-0.08637992224841007,6.228990803355221E-8,9.627430938289483E-8,0.6470044649795155
SmoothGauss,8,Sob-NUS,10,1.0173548130527973E-6,6.841084782531692E-7,-4.247085920942476E-4,-0.06683654486581236,6.218649568402873E-8,9.753614251350772E-8,0.63757386832698
SmoothGauss,8,Lat-RS,12,3.236256233188822E-6,2.853947267181421E-7,0.029144450717763268,-0.005089804362457873,2.5952854013085968E-8,3.899297364874146E-8,0.66557770758588
SmoothGauss,8,Lat-RSB,12,3.724982238511951E-7,1.8955370561641517E-7,0.24817663655445404,-0.004057369723120097,1.7230570595458907E-8,2.7039752815475282E-8,0.6372310691241814
SmoothGauss,8,Lat-Rv,12,2.6817787676328514E-5,1.1125001040203574E-5,0.6328830590198135,9.401441816237883,1.0119817882903574E-6,5.31087009432414E-7,1.905491511403918
SmoothGauss,8,Lat-Rpv,12,-2.705991648224456E-5,1.2945701194711705E-5,0.24400402281850467,4.812732246460635,1.17749647767932E-6,8.165639419658047E-7,1.4420138058565293
SmoothGauss,8,Lat-RvRS,12,-1.80520999589893E-5,2.013464512305158E-6,-0.23321561349046643,22.976919314238064,1.833498024814682E-7,1.190809034997408E-7,1.539707854852372
SmoothGauss,8,Lat-RvRSB,12,1.231906827304304E-6,2.9744382750678697E-6,0.28010585864187976,32.06174626834825,2.7037795679810045E-7,7.303594546544501E-8,3.7019847566158024
SmoothGauss,8,Lat-RpvRS,12,1.619413492846318E-5,2.1933480694448007E-6,0.5211176768621312,8.181422633787841,1.9963758951861363E-7,1.6996625814352847E-7,1.174571892675481
SmoothGauss,8,Lat-RpvRSB,12,-1.2744801384760001E-5,2.049111099462258E-6,-0.34947027703996913,40.79362938422078,1.8642662890345623E-7,6.19414084918061E-8,3.0097253750391806
SmoothGauss,8,Sob-RDS,12,-1.6777029960137695E-6,7.821531816086276E-8,-0.004994184584927396,-0.017460836081248488,7.112587108165258E-9,1.0801910599358875E-8,0.6584563946110988
SmoothGauss,8,Sob-RDSB,12,-4.095938375518541E-6,2.408415654575415E-7,0.11335946447213197,-0.4391670988033507,2.1909275011266567E-8,3.8647552386706036E-8,0.5668994194520558
SmoothGauss,8,Sob-LMS,12,-2.6973285162692855E-4,3.5202720706416145E-8,0.1752934740486147,0.0633369728650619,7.595573855900787E-8,8.011467695644875E-8,0.9480876843614845
SmoothGauss,8,Sob-LMS-RDS,12,-2.2820073766340376E-6,6.588836167585984E-8,-0.05509298127121773,0.09431294936426049,5.994459634002672E-9,8.84413052783589E-9,0.6777895933507307
SmoothGauss,8,Sob-LMS-RDS-IRB,12,3.431129627261869E-7,6.577124854451277E-8,-0.027428518389376898,-0.03254540785295745,5.978724219201402E-9,9.117203013129173E-9,0.6557629802245027
SmoothGauss,8,Sob-NUS,12,4.2053755001504583E-7,6.499177968027335E-8,0.010630388791118944,-0.07463965335834111,5.90792962476782E-9,9.163256403338822E-9,0.6447412758869373
SmoothGauss,8,Lat-RS,14,6.679010129036692E-7,4.580572983757141E-8,0.029123183578234214,-0.05733922008374703,4.164186933998279E-9,6.352466161529994E-9,0.6555228832569386
SmoothGauss,8,Lat-RSB,14,7.831203795900783E-7,9.838795348749041E-9,0.035011213807169005,6.593602323343717E-4,8.949597747302171E-10,1.3356768262729932E-9,0.6700421517587221
SmoothGauss,8,Lat-Rv,14,3.09041855727095E-5,2.9259289500798257E-6,1.8382822683725923,37.69520432432773,2.6692201024816863E-7,8.061165076966724E-8,3.3112088351949085
SmoothGauss,8,Lat-Rpv,14,-3.7460998038366703E-5,3.216227912056522E-6,0.3290830381160412,20.727654058147557,2.937584435799684E-7,1.2215527024692207E-7,2.4047954949972388
SmoothGauss,8,Lat-RvRS,14,-1.204981935918993E-5,4.94055533876796E-7,2.9600983692490557,78.20228804543075,4.5054846175989855E-8,2.0817574436783052E-8,2.1642697285799737
SmoothGauss,8,Lat-RvRSB,14,-1.0854366899754654E-5,7.123616994808781E-7,-1.595615522573432,139.48787998996414,6.487149576360632E-8,9.226852180047859E-9,7.030728844218879
SmoothGauss,8,Lat-RpvRS,14,2.173057222763903E-6,6.08987695039495E-7,1.49141373129628,38.45571507647599,5.53617036567835E-8,3.052328103821831E-8,1.8137533637836942
SmoothGauss,8,Lat-RpvRSB,14,-1.657362954794883E-5,6.922753829696172E-7,-0.97468472436364,139.77242964564576,6.320251750833084E-8,7.584018165688672E-9,8.333645321983706
SmoothGauss,8,Sob-RDS,14,-2.902382113072535E-7,1.4545121211723342E-8,0.0032891933657822462,-0.582227012484172,1.3222357563649547E-9,2.566367175998968E-9,0.5152169061117569
SmoothGauss,8,Sob-RDSB,14,-1.6213436087521774E-6,4.802007159789133E-8,0.07647646270798975,-0.23873565093582716,4.367653263345964E-9,6.962002678813607E-9,0.6273558722747079
SmoothGauss,8,Sob-LMS,14,-1.9437195949088959E-4,7.353880802359899E-9,0.36724882955337285,0.20703038266259988,3.8448926401262534E-8,4.069886977290895E-8,0.9447173008931053
SmoothGauss,8,Sob-LMS-RDS,14,2.2496392108820003E-6,1.0934051938868604E-8,0.0503412583021546,0.30295922636399863,9.98966197822294E-10,1.3234736392543704E-9,0.7548062675317809
SmoothGauss,8,Sob-LMS-RDS-IRB,14,4.1295494476818415E-6,1.1307106823945763E-8,0.07228137763561865,0.42635680985155977,1.0448691889375192E-9,1.4024546123002614E-9,0.7450288799177308
SmoothGauss,8,Sob-NUS,14,9.93611768745654E-8,1.0950403364228612E-8,-0.012919504403062056,-0.04123647447059264,9.954015384518506E-10,1.5489311017431387E-9,0.6426377114718943
SmoothGauss,8,Lat-RS,16,-9.32463101923874E-7,8.399010991020456E-9,0.012341068241615178,-0.05550692498546983,7.64339586520209E-10,1.2001467464673135E-9,0.6368717731978004
SmoothGauss,8,Lat-RSB,16,8.658608663384108E-7,1.7688081819181654E-9,-0.0333703518208893,0.013722883576078093,1.6153437877621751E-10,2.425848039492248E-10,0.6658882837938526
SmoothGauss,8,Lat-Rv,16,1.017169126919734E-5,5.886557717302676E-7,4.7707598463522105,144.8046574047934,5.36122729535572E-8,1.0890188670926829E-8,4.922988441576231
SmoothGauss,8,Lat-Rpv,16,-5.050190382159252E-6,8.636199059752019E-7,0.12717677699719365,91.3627646252929,7.852855387604191E-8,1.8662782661096837E-8,4.207762331162821
SmoothGauss,8,Lat-RvRS,16,-1.2820983696549452E-7,1.4266093863049842E-7,-1.5667166294614754,348.8336035605003,1.29678957592746E-8,3.1668401136178436E-9,4.0949006877584
SmoothGauss,8,Lat-RvRSB,16,3.3195445628574826E-6,3.139561626676464E-7,4.313619177721947,384.999801381728,2.854963456259385E-8,1.23529125070021E-9,23.11166257059688
SmoothGauss,8,Lat-RpvRS,16,7.617487669872521E-7,1.6783069515711436E-7,1.9301657697192547,177.7565014100145,1.5256390450965698E-8,4.815299934233787E-9,3.16831571435504
SmoothGauss,8,Lat-RpvRSB,16,2.7947211640892898E-6,1.719284177936077E-7,16.19185164118801,724.8900702142708,1.5636103643823948E-8,9.416414681186534E-10,16.605156180158467
SmoothGauss,8,Sob-RDS,16,1.800815519798101E-7,8.960706160115226E-10,-0.11326613774447887,-0.0775883823683512,8.148524836081086E-11,1.203856529793954E-10,0.6768684336060998
SmoothGauss,8,Sob-RDSB,16,-6.22299765458812E-7,2.42425537021202E-9,-0.06244523067660156,-0.11783307593924786,2.2075207015036273E-10,3.389678351477445E-10,0.651247839058666
SmoothGauss,8,Sob-LMS,16,-6.818055748786238E-5,5.745035569802013E-10,-0.07554920910419353,0.004921837102854987,4.7008107926852066E-9,4.667688152909904E-9,1.0070961552465012
SmoothGauss,8,Sob-LMS-RDS,16,-3.268661691398786E-8,8.344890503407331E-10,-0.004723370890837046,-0.06831941843205014,7.585612309089792E-11,1.170806674784125E-10,0.6478962302199411
SmoothGauss,8,Sob-LMS-RDS-IRB,16,1.0624692952100531E-7,8.167884791071652E-10,-0.033616131309647,-0.004629090313697404,7.425736116087397E-11,1.1042535577914034E-10,0.6724665783227786
SmoothGauss,8,Sob-NUS,16,-2.0166338534967544E-7,8.265662448456908E-10,-0.023775758144227558,-0.11813441688467563,7.517553977746398E-11,1.1366744155601984E-10,0.6613638764836145
SmoothGauss,16,Lat-RS,8,-3.840576500948869E-5,1.8351853533841046E-5,-0.04832631220013235,-0.09924958687740304,1.669658489012115E-6,2.566693164984333E-6,0.65050957854649
SmoothGauss,16,Lat-RSB,8,-5.5912156511523355E-6,1.1291578966086998E-5,0.13197539546790046,-0.009810310166681102,1.026435789709766E-6,1.5839510159568322E-6,0.6480224321139862
SmoothGauss,16,Lat-Rv,8,-9.494928517204128E-4,1.6168777368034902E-4,-0.18825682193117008,0.003074559640948049,1.5598955303011886E-5,2.2752802314623004E-5,0.6855839156562525
SmoothGauss,16,Lat-Rpv,8,-0.0016361975735969994,1.7499517466326999E-4,-0.24493431701603288,0.047507288425884475,1.8584203876735952E-5,2.4734508533100504E-5,0.7513472059437114
SmoothGauss,16,Lat-RvRS,8,6.161992172107086E-6,3.381273456416537E-5,-0.02071808786847355,0.16879942992315788,3.073615542030161E-6,4.4657665752849945E-6,0.6882615761962458
SmoothGauss,16,Lat-RvRSB,8,4.8941209276007396E-5,5.159963837042705E-5,-0.0857563386135983,0.4326809111666998,4.692802369837217E-6,6.434749814936929E-6,0.7292905714754995
SmoothGauss,16,Lat-RpvRS,8,1.0475560608798252E-5,4.4457466438329555E-5,-0.06641152386707772,0.09577965625218221,4.041293436614226E-6,5.877513049296502E-6,0.68758561703201
SmoothGauss,16,Lat-RpvRSB,8,-2.3055735926927374E-5,3.9928844715043296E-5,-0.10429261656422754,0.6995237284615041,3.6300635515565674E-6,4.821465084159231E-6,0.7528963682601426
SmoothGauss,16,Sob-RDS,8,7.171267616857279E-5,9.22515174863912E-6,0.10329049442471007,0.03804323799325626,8.437090018745547E-7,1.2752688094380091E-6,0.6615930662072446
SmoothGauss,16,Sob-RDSB,8,2.891799026445372E-5,1.2284743356373365E-5,0.01056924326384878,-0.022444867333961227,1.1175194212552738E-6,1.7384448066454263E-6,0.6428270929185752
SmoothGauss,16,Sob-LMS,8,0.018091722378563598,4.042003693797198E-6,-0.08565389930831858,-0.06690038590718617,3.2767783675878505E-4,3.2875523197249424E-4,0.9967228043573788
SmoothGauss,16,Sob-LMS-RDS,8,-3.224281348027802E-5,8.557182309710549E-6,0.08426449692528286,-0.008187623038744096,7.788874709738129E-7,1.2315741025431138E-6,0.6324324856827251
SmoothGauss,16,Sob-LMS-RDS-IRB,8,-2.9332315373311162E-5,8.426024389492064E-6,0.08041839730064143,-0.045971401530596534,7.667860017299881E-7,1.1644484064936174E-6,0.6584971884146685
SmoothGauss,16,Sob-NUS,8,-2.2844547886997086E-5,8.686994776103118E-6,0.07781703521836511,0.02130348197188514,7.901696985159347E-7,1.2120761437575975E-6,0.651914240359771
SmoothGauss,16,Lat-RS,10,1.466084847688735E-5,3.2020159319099454E-6,-0.008712276702881624,-0.0044429395046021725,2.912781886886763E-7,4.356323419816143E-7,0.6686330665067324
SmoothGauss,16,Lat-RSB,10,6.160713299907901E-6,2.059529906537646E-6,0.08586264135705689,-0.06516655780306913,1.872492228926357E-7,2.877433238701489E-7,0.6507508858038229
SmoothGauss,16,Lat-Rv,10,-1.1008890018469872E-4,4.581867262092991E-5,-0.04731605608248532,0.5080684855719833,4.177036907186405E-6,5.413341417806355E-6,0.7716189659581942
SmoothGauss,16,Lat-Rpv,10,-1.1138049458293681E-4,5.200481475938806E-5,-0.12133795337734146,0.35688981486185156,4.739643276201914E-6,6.7322901090955855E-6,0.7040164935552127
SmoothGauss,16,Lat-RvRS,10,6.683873578452361E-6,8.151746736551624E-6,-0.003250737411110144,0.8269467000283077,7.410384525185553E-7,9.562829280925777E-7,0.7749154886584103
SmoothGauss,16,Lat-RvRSB,10,2.780531122470023E-5,1.3044470711614344E-5,0.0013333605786395352,1.9705802784443893,1.1865155230180463E-6,1.0409330474811335E-6,1.1398576746979026
SmoothGauss,16,Lat-RpvRS,10,1.5129097476486752E-5,1.0293274175938697E-5,-0.044664908939879594,0.6154008317261113,9.358875121832805E-7,1.242631190966863E-6,0.7531498637621415
SmoothGauss,16,Lat-RpvRSB,10,-5.0569242877659875E-5,9.6192704917128E-6,-0.11650740677983792,2.304119138812557,8.769489360219134E-7,6.798832925850984E-7,1.2898521637258045
SmoothGauss,16,Sob-RDS,10,2.922523032895491E-5,1.525821491267983E-6,0.07254149030724806,0.0013349191456484277,1.395512876440401E-7,2.013033902568373E-7,0.6932386358023607
SmoothGauss,16,Sob-RDSB,10,2.9241656786297542E-5,2.2858330679127995E-6,0.07510424978531259,-0.047162121260734935,2.0863730036488111E-7,3.15934760006223E-7,0.6603809608058688
SmoothGauss,16,Sob-LMS,10,0.0054825447018562535,5.0976304937188E-7,-0.02496147739584976,-1.5520585716055635E-4,3.0104633869039978E-5,3.0094733402872724E-5,1.0003289767028243
SmoothGauss,16,Sob-LMS-RDS,10,-3.668540091324591E-5,1.3668347754049078E-6,0.0794769335349937,-0.02876575867785469,1.255910997244717E-7,1.8998585341288135E-7,0.6610550073511758
SmoothGauss,16,Sob-LMS-RDS-IRB,10,8.504962754086956E-7,1.395337546565425E-6,0.08827806677401452,0.006242472291440038,1.2683690632671164E-7,1.8994870784863948E-7,0.6677429278844137
SmoothGauss,16,Sob-NUS,10,-1.1240448557614814E-5,1.4272261092875768E-6,0.061697777223885183,-0.0623451415171461,1.2986120101801712E-7,1.9806494386958025E-7,0.655649598969552
SmoothGauss,16,Lat-RS,12,8.708226433565481E-7,7.906279524181753E-7,0.038051936889664864,-0.09041340009351329,7.18688392068883E-8,1.0906392923651256E-7,0.6589606638051324
SmoothGauss,16,Lat-RSB,12,8.875068045783596E-6,5.08889768240223E-7,0.030836343098819507,-0.04952356047777995,4.633684676585357E-8,7.08925304572249E-8,0.6536210016344708
SmoothGauss,16,Lat-Rv,12,1.1474765728675077E-5,1.1912839685304665E-5,0.10266156838885035,1.8225960139846675,1.0830087976427221E-6,1.0848939552635668E-6,0.9982623577063008
SmoothGauss,16,Lat-Rpv,12,-7.077581493870927E-5,1.4939618881098736E-5,-0.03897438654212762,1.3944584487832437,1.3630205722721136E-6,1.511259737595285E-6,0.9019102000566431
SmoothGauss,16,Lat-RvRS,12,1.92597636439054E-5,2.0187960442415366E-6,0.1621225564466181,3.839943370243735,1.8387949891717477E-7,1.840344512374021E-7,0.9991580254719404
SmoothGauss,16,Lat-RvRSB,12,8.787012691167014E-7,3.3090561861977567E-6,0.2647852248938365,8.880316878197743,3.0079397944129645E-7,1.2703195821864864E-7,2.36786068371525
SmoothGauss,16,Lat-RpvRS,12,3.8390428884267595E-6,2.4497702065279586E-6,0.12504811903937912,2.1362709361186054,2.2269885002369062E-7,2.477731065789697E-7,0.8988015410490586
SmoothGauss,16,Lat-RpvRSB,12,1.1689146746663455E-5,2.488199561061994E-6,0.20199887579659906,9.165341910280713,2.2631397625220032E-7,1.0979798116815621E-7,2.061185222573439
SmoothGauss,16,Sob-RDS,12,3.018146547759948E-6,3.132184455688558E-7,0.011086512629319444,-0.1381419777243167,2.8480665910792748E-8,4.4329549737264246E-8,0.6424758672171076
SmoothGauss,16,Sob-RDSB,12,-1.4433593099769336E-6,3.971286558115556E-7,-0.002929640849333499,-0.059551734834782266,3.610107809936811E-8,5.313714047163856E-8,0.6793944457481056
SmoothGauss,16,Sob-LMS,12,6.444792480614714E-4,1.1918644393095157E-7,0.00440270755529997,-0.01226546730151501,4.261875489352031E-7,4.3311212756092034E-7,0.9840120417206667
SmoothGauss,16,Sob-LMS-RDS,12,-6.217377409646075E-6,2.852166265531677E-7,-0.011152371410094791,-0.09704237205073118,2.5964847135536917E-8,4.0263049905340346E-8,0.644880285934152
SmoothGauss,16,Sob-LMS-RDS-IRB,12,-2.222841021664166E-6,2.8957317817784347E-7,0.005432411846769369,-0.021559844603729506,2.6327142918573565E-8,3.934344946995713E-8,0.669162040269934
SmoothGauss,16,Sob-NUS,12,6.029306671000849E-6,2.91709645871372E-7,0.036683120588387026,-0.06555897219726559,2.6552759348640692E-8,4.1220491852461464E-8,0.6441640590723593
SmoothGauss,16,Lat-RS,14,3.1629915945629943E-6,1.0289705903156455E-7,0.013917048675662028,-0.03707953519097451,9.363347181796495E-9,1.47272330212858E-8,0.6357845474613807
SmoothGauss,16,Lat-RSB,14,-2.859176224028096E-6,7.221414954967318E-8,0.08031648473319425,-0.21138052078675207,6.572441082745339E-9,1.0867390571084806E-8,0.6047855775270313
SmoothGauss,16,Lat-Rv,14,-2.23216961766315E-5,3.2174182585603977E-6,0.12478363000729334,7.794420520503245,2.9296157782334197E-7,1.7939073986008628E-7,1.6330919759394156
SmoothGauss,16,Lat-Rpv,14,1.5853880126202E-5,3.6955174807031868E-6,0.18048288980821162,4.433902637095245,3.361738845109756E-7,2.636233260394989E-7,1.2752053832315522
SmoothGauss,16,Lat-RvRS,14,5.767812391346462E-6,4.893052507371367E-7,0.21613334575454082,14.409777177658949,4.451111495178749E-8,3.40175275866297E-8,1.3084758978569095
SmoothGauss,16,Lat-RvRSB,14,-1.0623608442880966E-5,8.56201846604672E-7,0.28727904884647915,27.53410009969525,7.794160891271235E-8,2.205258361722135E-8,3.534352721004809
SmoothGauss,16,Lat-RpvRS,14,1.1906807038102926E-7,5.783728601672277E-7,0.2573090507041651,7.706438212868218,5.257410716640638E-8,4.688136932471504E-8,1.1214285743716583
SmoothGauss,16,Lat-RpvRSB,14,5.620375723742856E-6,6.519605615746018E-7,0.2822583420664176,39.51481640057622,5.929480367040734E-8,1.9927902774656004E-8,2.9754663268338275
SmoothGauss,16,Sob-RDS,14,-3.418776036506556E-6,4.071037806711365E-8,0.08623689774665741,-0.1220165268678044,3.7122613958884224E-9,5.875389919060368E-9,0.6318323459427715
SmoothGauss,16,Sob-RDSB,14,-1.167312492700024E-6,6.22987950331201E-8,-0.04009976799897931,0.019618459444657343,5.664323086966232E-9,8.55673592381352E-9,0.6619724083341568
SmoothGauss,16,Sob-LMS,14,-1.897523715887904E-4,2.8678858162716124E-8,0.03092923093095845,-0.15145531019944736,3.861287073056128E-8,4.060952846268261E-8,0.9508327772395555
SmoothGauss,16,Sob-LMS-RDS,14,-9.58751678639147E-7,5.248305235938906E-8,0.02313613884602086,-0.09282079759427386,4.77162866424976E-9,7.398840325822343E-9,0.644915750863892
SmoothGauss,16,Sob-LMS-RDS-IRB,14,4.9121504556377435E-6,5.259882196929984E-8,0.010262389980590248,-0.10799652824338768,4.805362139108178E-9,7.257707447066129E-9,0.6621046899666241
SmoothGauss,16,Sob-NUS,14,-1.0878908905705692E-6,5.3613434122990816E-8,0.023602052905493033,-0.14836727028623553,4.874644668369652E-9,7.389456128259901E-9,0.6596757032939518
SmoothGauss,16,Lat-RS,16,-2.6454127256243895E-6,1.7564457566852942E-8,0.006552675617275336,-0.08051323018632495,1.6036074013158276E-9,2.4063047442051508E-9,0.6664190831097456
SmoothGauss,16,Lat-RSB,16,-1.0638289715959292E-6,1.284586709884145E-8,-0.014405092952391984,-0.11469747421889531,1.1688210513654947E-9,1.7865535511838593E-9,0.6542323069974453
SmoothGauss,16,Lat-Rv,16,3.1056568173631947E-6,7.604948904008722E-7,0.17434815112374635,31.029853503321313,6.913863064170651E-8,2.4281614596523474E-8,2.847365456974408
SmoothGauss,16,Lat-Rpv,16,-7.223353918298202E-6,9.473557282025063E-7,-0.01133049704153404,18.133394310264265,8.616681253543682E-8,3.7042423465783875E-8,2.3261656358696183
SmoothGauss,16,Lat-RvRS,16,3.9747702645108085E-6,1.2423217197216677E-7,-1.8520767327881256,72.19720828035395,1.1308503230925597E-8,5.994689353640459E-9,1.8864202236031067
SmoothGauss,16,Lat-RvRSB,16,-6.210355522665114E-7,2.2555009713823613E-7,0.05120615312297412,116.72469895674372,2.0502889515022842E-8,3.973736660326104E-9,5.159599457036057
SmoothGauss,16,Lat-RpvRS,16,5.73417186701498E-6,1.5760158714085496E-7,0.42381320483721274,32.23513178242957,1.4358864998104181E-8,8.521877875799762E-9,1.6849414187077434
SmoothGauss,16,Lat-RpvRSB,16,-1.5034847696781513E-6,1.874746531907E-7,0.5367001266094427,129.5645488852098,1.7043706441487286E-8,3.352798728727653E-9,5.0834266594807405
SmoothGauss,16,Sob-RDS,16,3.518918979293843E-7,3.769355679677684E-9,0.009841502228100693,-0.011093991075742604,3.427582591905298E-10,5.179386136618377E-10,0.6617739055352935
SmoothGauss,16,Sob-RDSB,16,-7.63124051210187E-7,1.025525378776736E-8,0.029391159004279344,-0.08021741255610593,9.327849276255886E-10,1.4306392537172313E-9,0.6520056857114277
SmoothGauss,16,Sob-LMS,16,-2.0815441165916091E-4,9.093690422639519E-9,-0.026847998380781928,-0.8538245484600897,4.4154875552589356E-8,4.4304949162015505E-8,0.9966127122981824
SmoothGauss,16,Sob-LMS-RDS,16,-2.6041732637148407E-7,1.3362195083361042E-8,0.017155895892494413,-0.5085435213040941,1.2146913502613933E-9,2.020316317944451E-9,0.6012382018956655
SmoothGauss,16,Sob-LMS-RDS-IRB,16,1.0872371647804798E-8,1.3127071635323805E-8,0.019411487124564798,-0.5404155912803299,1.1932509298593991E-9,2.0810321517963543E-9,0.5733937982790803
SmoothGauss,16,Sob-NUS,16,5.301336197345627E-7,1.3366923589223468E-8,0.03782604460855617,-0.4993795169193773,1.2153343959151862E-9,2.0244126079320798E-9,0.6003392742928231
SmoothGauss,32,Lat-RS,8,-3.0285704406977957E-5,2.6164601342127547E-5,-0.052077742955460644,0.0166403701330613,2.3792794858908206E-6,3.434940407068946E-6,0.6926698003244467
SmoothGauss,32,Lat-RSB,8,-6.934030432846851E-5,2.7859645675256095E-5,-0.036042370031505705,-0.07003830968917102,2.5372498696851433E-6,3.836933520287367E-6,0.6612702191137041
SmoothGauss,32,Lat-Rv,8,-9.132118472663813E-4,1.6436821416447781E-4,-0.20176890533080644,-0.012041282243494322,1.577502654553871E-5,2.3283450092926055E-5,0.6775210066626447
SmoothGauss,32,Lat-Rpv,8,-0.0018747702668072477,1.8502257137860878E-4,-0.3364947375111693,0.05216227877292079,2.0333315291620056E-5,2.65980166966795E-5,0.7644673482048934
SmoothGauss,32,Lat-RvRS,8,-5.093595583469924E-5,3.443222226988068E-5,-0.07260586732027732,0.026966742611722605,3.132483475928948E-6,4.5521763709554E-6,0.6881287587878565
SmoothGauss,32,Lat-RvRSB,8,-5.458046074791304E-5,5.327244899775379E-5,-0.044375341552527016,-0.006510055564932671,4.845444640591274E-6,7.373839855989472E-6,0.6571128116724037
SmoothGauss,32,Lat-RpvRS,8,-1.0397269757705588E-4,4.598905081157536E-5,-0.07941096918577907,0.17356474252702325,4.19121504061365E-6,6.155207524809649E-6,0.680921808683171
SmoothGauss,32,Lat-RpvRSB,8,1.8511096687027375E-5,4.047006924752545E-5,-0.06135448460861122,0.21959846755322276,3.6790719553006193E-6,5.278098415340076E-6,0.6970449707053389
SmoothGauss,32,Sob-RDS,8,-5.373927703740986E-5,1.3561495667442977E-5,0.006001105980673222,0.02689669165435893,1.2356278660670701E-6,1.8094823360637586E-6,0.6828626295158992
SmoothGauss,32,Sob-RDSB,8,-5.4410695432635614E-5,4.3384989944636685E-5,6.30841815563676E-4,-0.016462285369891028,3.946656109744938E-6,6.045674010347922E-6,0.6528066354536725
SmoothGauss,32,Sob-LMS,8,0.023675124071142806,1.1559576948330444E-5,-0.10404431216733055,-0.03152828213979575,5.615622653286087E-4,5.660892397130025E-4,0.9920030728959116
SmoothGauss,32,Sob-LMS-RDS,8,-5.688704680144177E-5,2.0020794389900785E-5,-0.06065040639699946,-0.0542959087450714,1.8231263461357707E-6,2.7762634400576854E-6,0.6566834832136426
SmoothGauss,32,Sob-LMS-RDS-IRB,8,2.0905949774724994E-5,2.0192614002825253E-5,-0.06228973268183433,-0.11839653876459533,1.8359456715927988E-6,2.8363952157690006E-6,0.6472813313835177
SmoothGauss,32,Sob-NUS,8,-6.022834018016052E-5,1.9364224968517007E-5,-0.07383099192398526,-0.0372163018590701,1.763835502599053E-6,2.672337937234371E-6,0.6600346004235017
SmoothGauss,32,Lat-RS,10,4.8991503850721405E-6,3.917845846440917E-6,-0.01522923008487327,0.02979533401848622,3.561561891159749E-7,5.345739962371092E-7,0.6662430114876042
SmoothGauss,32,Lat-RSB,10,1.5970114098223102E-5,2.5539476184376564E-6,0.028236069823553894,-0.009940069489688508,2.324088830602932E-7,3.3772247862708774E-7,0.688165277020007
SmoothGauss,32,Lat-Rv,10,2.405288976216851E-5,4.803823867632803E-5,-0.07604016943308609,0.13685029144503202,4.367254437184129E-6,6.430982505764779E-6,0.6790959908955266
SmoothGauss,32,Lat-Rpv,10,-2.046236620559867E-4,5.448055508635864E-5,-0.21639300291619876,0.4031024411755082,4.994153300423203E-6,7.05062182065012E-6,0.7083280634618841
SmoothGauss,32,Lat-RvRS,10,2.8245864275532576E-5,8.13952882254226E-6,-0.02682165599618706,0.22948458337083766,7.406809988177633E-7,1.1136003884518982E-6,0.6651227913519688
SmoothGauss,32,Lat-RvRSB,10,-2.151011337236891E-5,1.3048757952378664E-5,-0.026460816831554382,0.550537218039493,1.1865947828485128E-6,1.6381921337325903E-6,0.7243318768384504
SmoothGauss,32,Lat-RpvRS,10,1.980528035358194E-5,1.0012898455361074E-5,0.005700799412917113,0.2867842724776355,9.105647187222055E-7,1.2406665525896034E-6,0.7339318665612554
SmoothGauss,32,Lat-RpvRSB,10,5.670307189321283E-5,9.956821337024347E-6,-0.061336173855534665,0.7532298422969137,9.082902978976399E-7,1.1425200564366777E-6,0.7949884930076765
SmoothGauss,32,Sob-RDS,10,1.6743558852480398E-5,3.1239297398595693E-6,0.014844085250045677,-0.1352720439166477,2.842455601162814E-7,4.4335009666797276E-7,0.641131156286077
SmoothGauss,32,Sob-RDSB,10,-2.6669805447130092E-5,1.053979230263496E-5,-0.004241229309016014,-0.5021822475598872,9.587783988321057E-7,1.6843396613929236E-6,0.569231029113932
SmoothGauss,32,Sob-LMS,10,0.009360858686216635,2.369585333063141E-6,-0.008719638885406911,-0.26392624120931485,8.784107065009287E-5,8.810927337959859E-5,0.9969560215489438
SmoothGauss,32,Sob-LMS-RDS,10,-1.5904780405847725E-5,3.936103431678559E-6,0.010759124280014663,-0.03075465274185607,3.580447639793393E-7,5.539282525706515E-7,0.6463738982760624
SmoothGauss,32,Sob-LMS-RDS-IRB,10,4.205916692475227E-7,3.916766267732778E-6,0.03357895752477608,-0.15609538562695358,3.560342306342617E-7,5.541394760171362E-7,0.64249930936747
SmoothGauss,32,Sob-NUS,10,4.493965423008081E-5,3.998311355132006E-6,0.029961028679881943,-0.18819051794957042,3.654660747038185E-7,5.68867179832051E-7,0.6424453504449257
SmoothGauss,32,Lat-RS,12,2.136375750395691E-6,7.38091118035599E-7,-0.03722122923026933,0.11674652258274065,6.709704673078284E-8,1.0043329311165354E-7,0.6680757411408368
SmoothGauss,32,Lat-RSB,12,-3.1623287489068134E-6,4.9927180662994E-7,0.03610716006591108,0.018295597743006375,4.539380754577771E-8,6.946317782698611E-8,0.6534945415086154
SmoothGauss,32,Lat-Rv,12,-2.6931189016802725E-5,1.267425380034699E-5,-0.011792467316139777,0.41543022926406925,1.1528149593934002E-6,1.6245803056083853E-6,0.7096078632823787
SmoothGauss,32,Lat-Rpv,12,4.5250282619154386E-5,1.5063202982158444E-5,-0.13056560714691443,0.2874622579115669,1.371292739155316E-6,1.9815345935059315E-6,0.6920357301101092
SmoothGauss,32,Lat-RvRS,12,-2.6953642469050312E-5,2.0403091065314987E-6,-0.08026078111789485,0.7028910707266163,1.8619059662606264E-7,2.479731864701333E-7,0.7508497159570439
SmoothGauss,32,Lat-RvRSB,12,-1.0415062695747446E-5,3.423261437047733E-6,0.0736966626482929,1.7182590662836823,3.112829381585953E-7,2.8400046926761816E-7,1.0960648725733915
SmoothGauss,32,Lat-RpvRS,12,1.4867835105423241E-5,2.5417526326538617E-6,-0.02335590650417116,0.4956794013806496,2.3126636682895804E-7,3.194245519516159E-7,0.7240093643897122
SmoothGauss,32,Lat-RpvRSB,12,-7.2888590442425215E-6,2.411179371270927E-6,-0.013695768656284812,2.1295623040381546,2.1922933231469407E-7,1.8485360673175602E-7,1.1859618873048077
SmoothGauss,32,Sob-RDS,12,1.0877826974946912E-6,4.4340847904554953E-7,0.056081213249634644,-0.07433088731365745,4.0307014016437425E-8,5.979087988118306E-8,0.6741331470039555
SmoothGauss,32,Sob-RDSB,12,1.3061766284759942E-5,6.047416353097597E-7,-0.0059003172019215285,-0.04045459232603443,5.5141624388134846E-8,8.603767789031651E-8,0.6409008906357408
SmoothGauss,32,Sob-LMS,12,0.0019682261840355685,7.93254694827332E-7,-0.018188530158080342,-1.1589536243951657,3.946021163283021E-6,4.164796656330829E-6,0.9474703062116485
SmoothGauss,32,Sob-LMS-RDS,12,-7.063394874794168E-6,1.2159983817585096E-6,-0.0024684963704833945,-0.5045417815156648,1.1058414444900579E-7,1.843939385571588E-7,0.5997168091006781
SmoothGauss,32,Sob-LMS-RDS-IRB,12,-6.423958984512715E-6,1.2053924358918602E-6,0.008624732858855878,-0.48641283012726033,1.0961143967160479E-7,1.7623062405283315E-7,0.6219772542980031
SmoothGauss,32,Sob-NUS,12,1.2507463573443918E-5,1.1960514952451286E-6,-0.04261165352284199,-0.5057440485048286,1.0887751756282322E-7,1.7408553274943523E-7,0.6254254207300086
SmoothGauss,32,Lat-RS,14,1.951122511350445E-7,1.3455703149401342E-7,-0.0394549633347125,-0.06529319343755269,1.2231272231596363E-8,1.866467323088287E-8,0.6553167087521415
SmoothGauss,32,Lat-RSB,14,-1.4258271799777513E-6,1.1614522238003343E-7,0.045617360587532865,-0.018287304925785453,1.0559633697492202E-8,1.550038976052141E-8,0.6812495595683002
SmoothGauss,32,Lat-Rv,14,3.966897725736642E-5,3.3372628667197853E-6,0.004457388160815742,1.9615591421374043,3.049308223414739E-7,3.084508039418942E-7,0.9885881911947183
SmoothGauss,32,Lat-Rpv,14,1.729556680569625E-5,3.88688862653371E-6,0.007773039193738863,1.069102436639839,3.5361731278304453E-7,4.191181288837523E-7,0.8437175307230024
SmoothGauss,32,Lat-RvRS,14,-1.9626811982006795E-6,4.875361329798674E-7,0.04587681374853474,2.873724607301553,4.432088660535572E-8,4.7150957964751183E-8,0.939978497117468
SmoothGauss,32,Lat-RvRSB,14,4.987711627897127E-7,8.749084745503325E-7,-0.09252803610315302,6.835863581266276,7.952942910929804E-8,3.4992826447185094E-8,2.272735219869488
SmoothGauss,32,Lat-RpvRS,14,2.9877842743843047E-6,6.469565108169769E-7,-0.010407985261479926,2.431356026100933,5.8817273688133465E-8,6.684592524362564E-8,0.8798931793339524
SmoothGauss,32,Lat-RpvRSB,14,7.4674381253645E-6,6.33971503710207E-7,0.015223833988689702,8.091184084927045,5.768377231941396E-8,2.8918320098124757E-8,1.994713805078689
SmoothGauss,32,Sob-RDS,14,-5.356557668461939E-7,8.257469231216087E-8,0.017146312991831843,-0.05803452452203439,7.506326458275979E-9,1.1121482682756971E-8,0.6749393648666987
SmoothGauss,32,Sob-RDSB,14,2.009026470305152E-6,1.223121481182354E-7,0.03410464818704233,-0.030333608391213573,1.1122210451305985E-8,1.7016097228143897E-8,0.6536287553006176
SmoothGauss,32,Sob-LMS,14,5.881772127632093E-4,3.812429951769615E-8,0.015358625289467806,-0.044170721878060704,3.4941793244005625E-7,3.497023884060392E-7,0.9991865769997181
SmoothGauss,32,Sob-LMS-RDS,14,-7.508647239151978E-7,8.158083240395554E-8,0.00727430993462234,-0.09731653308951671,7.416261463353179E-9,1.1554857381438726E-8,0.6418306361155416
SmoothGauss,32,Sob-LMS-RDS-IRB,14,3.602040244562774E-6,8.166865140721533E-8,0.029705030275626283,-0.0618268285693806,7.436655106839324E-9,1.1566665685997716E-8,0.6429385363702464
SmoothGauss,32,Sob-NUS,14,-3.055355954509581E-6,8.326501112462364E-8,-0.019129520869638497,-0.005054024021392767,7.578124711237047E-9,1.1246775973700224E-8,0.6738041843242851
SmoothGauss,32,Lat-RS,16,-1.0229335211836917E-7,2.5025920333292615E-8,0.009078506182106613,-0.03287761527341093,2.2748666222261865E-9,3.428029133648078E-9,0.663607727220595
SmoothGauss,32,Lat-RSB,16,9.23715007947366E-7,2.429463225138987E-8,0.04828817050708853,-0.02066502838115003,2.2092353210672466E-9,3.4225251846801455E-9,0.645498630939574
SmoothGauss,32,Lat-Rv,16,1.633116929237515E-6,8.244018479667334E-7,0.05715965826149122,6.156753951392343,7.494079505108063E-8,4.978600764430292E-8,1.5052581758813957
SmoothGauss,32,Lat-Rpv,16,-7.793988622659698E-7,9.995756553092213E-7,0.10777072175317758,4.237601922508705,9.08620345301947E-8,6.771733292344494E-8,1.3417840102018646
SmoothGauss,32,Lat-RvRS,16,1.3717730889062002E-6,1.3232011683084502E-7,0.3929419068663778,12.48183799194524,1.202978038133126E-8,9.130542600029432E-9,1.3175318169253691
SmoothGauss,32,Lat-RvRSB,16,5.416013115972056E-6,2.0368946342081722E-7,0.853594892589514,26.83316153608659,1.854470542302467E-8,6.015270476348252E-9,3.08293791541736
SmoothGauss,32,Lat-RpvRS,16,3.6738701293435566E-6,1.511625351568973E-7,0.34735038077384583,7.3083295186580415,1.375417176748925E-8,1.2346518216394066E-8,1.1140121876000686
SmoothGauss,32,Lat-RpvRSB,16,-2.2939919750307593E-6,1.552325481410794E-7,-0.15572141754164684,30.66336714786962,1.4115901025205623E-8,5.412380251870631E-9,2.608076367200341
SmoothGauss,32,Sob-RDS,16,6.16885790003603E-7,1.3650606918481694E-8,-0.0281653803337374,-0.1356818755738134,1.2412207169678945E-9,1.958921918282519E-9,0.633624395839183
SmoothGauss,32,Sob-RDSB,16,6.740222587322569E-7,2.911284682280204E-8,-0.024608670117043284,-0.019059379620114836,2.6468120821979715E-9,3.943380668553597E-9,0.6712037981280672
SmoothGauss,32,Sob-LMS,16,-1.6777069184294443E-4,6.912285850867028E-9,0.05759746805720576,-0.05166580072962068,2.8775331825304032E-8,2.9526804728548815E-8,0.9745494675040743
SmoothGauss,32,Sob-LMS-RDS,16,2.7334343515623306E-7,1.3892649683193657E-8,0.030628788767981995,-0.07617040248750362,1.2629165728358463E-9,1.920251109151468E-9,0.6576830326081214
SmoothGauss,32,Sob-LMS-RDS-IRB,16,2.760418588160383E-7,1.416911615829323E-8,-6.88218091326262E-4,-0.09101122180375665,1.288048857896673E-9,1.989709760691977E-9,0.6473551486467646
SmoothGauss,32,Sob-NUS,16,-5.617483196640457E-7,1.4011129058970345E-8,-0.0019122908035337876,-0.09518025277937836,1.2739271926350497E-9,1.951108400813107E-9,0.6529248667599155
